Site,Latitude,Longitude,Altitude,Month,Season,Species,pH,TDS,EC,Alcalinite,PO4,NO3,Profondeur,Vegetation,Algues,Nature_fond,Count,Taux_infestation,total
Mawe Hai,0.712831173368352,3.4065718134956104,7.301012843982557,Octobre,Pluvieuse,Lymnaea natalensis,2.2300144001592104,6.122054116811584,6.667592722498332,4.393213824064446,1.2873024119129401,0.8775499035577244,1.3428648031925547,Faible,Modérées,Sableux,0.6931471805599453,2.3702437414678603,4.48863636973214
Hôtel Karibu,0.6995779587107422,3.4072093733692315,7.289678778507267,Octobre,Pluvieuse,Ceratophallus natalensis,2.169053700369523,6.220192476716092,6.7977171737732,3.4965075614664802,0.21026092548319608,1.8881296930477487,0.8153648132841945,Forte,Modérées,Rocheux,2.8903717578961645,1.791759469228055,4.875197323201151
Plage du Peuple,0.6987658661412391,3.407702941213177,7.280972639540181,Septembre,Pluvieuse,Bellamya capillata,2.0719132752590443,6.191953407857386,6.7566998040621815,4.377014092850337,1.360463601085369,1.721515815839451,0.6729444732424258,Faible,Absentes,Sableux,1.3862943611198906,2.0014800002101243,4.2626798770413155
Mawe Hai,0.712831173368352,3.4065718134956104,7.298986227062477,Juin,Sèche,Biomphalaria pfeifferi,2.188295946591918,6.047608557726022,6.6637710617960755,4.12552017969055,0.43954442176102704,1.3895390912847796,0.5766133643039938,Faible,Absentes,Rocheux,2.9444389791664403,2.2082744135228043,4.532599493153256
Marché de Kituku,0.706056495634798,3.4067753292803804,7.297700575432264,Octobre,Pluvieuse,Gyraulus costulatus,2.2126603854660587,6.129268051255177,6.726113491092939,4.418840607796598,1.0195690813276568,0.24216155714997162,1.0681530811834012,Faible,Modérées,Vaseux,1.9459101490553132,2.2617630984737906,4.663439094112067
Mawe Hai,0.712831173368352,3.4065718134956104,7.305860032684009,Juin,Sèche,Ceratophallus natalensis,2.191653532286764,6.353674146545189,6.946495107298068,4.001863709427935,1.1381534632886423,0.6059539688575679,1.2178757094949273,Faible,Abondantes,Sableux,1.0986122886681098,1.791759469228055,4.532599493153256
Mawe Hai,0.712831173368352,3.4065718134956104,7.3003377612592875,Octobre,Pluvieuse,Biomphalaria pfeifferi,2.063058062429312,6.193180151008571,6.784343934066902,4.0943445622221,0.5833323145527387,0.953586516617852,0.5423242908253617,Faible,Modérées,Sableux,1.791759469228055,2.803360380906535,4.48863636973214
Le chalet,0.6966076860980273,3.407960195532211,7.294445231763968,Novembre,Pluvieuse,Lymnaea natalensis,2.1400661634962708,6.224954390476336,6.838619540147275,4.165113633110308,1.4090338480893803,0.6976370858327973,0.3001045924503381,Forte,Modérées,Rocheux,2.1972245773362196,2.128231705849268,3.58351893845611
Plage du Peuple,0.6987658661412391,3.407702941213177,7.285232350550133,Novembre,Pluvieuse,Bulinus tropicus,2.138889000323256,6.132095676847728,6.703433481908515,4.2626798770413155,1.0705556908855842,1.2293481106571642,0.9439058989071284,Moyenne,Abondantes,Rocheux,1.791759469228055,3.091042453358316,4.127134385045092
Le chalet,0.6966076860980273,3.407960195532211,7.290906609493717,Juillet,Sèche,Biomphalaria pfeifferi,2.2407096892759584,5.8377304471659395,6.430847873419607,3.919991175077323,0.41078426958576436,1.2322686734807833,0.5007752879124893,Moyenne,Modérées,Vaseux,2.4849066497880004,1.840549633397487,4.653960350157523
Mawe Hai,0.712831173368352,3.4065718134956104,7.298918602379442,Octobre,Pluvieuse,Melanoides tuberculata,2.2082744135228043,6.022236205774735,6.608944848742513,4.49647076906475,1.791759469228055,0.7095125346462096,0.9042181506398859,Moyenne,Abondantes,Sableux,1.3862943611198906,1.791759469228055,4.48863636973214
Marché de Kituku,0.706056495634798,3.4067753292803804,7.302092029302457,Juin,Sèche,Lymnaea natalensis,2.064327903869788,6.217404185724193,6.794586580876499,3.9646154555473165,1.1092224677801252,0.47747564408443655,0.8919980393051105,Moyenne,Modérées,Sableux,0.6931471805599453,2.5572273113676265,4.174387269895637
Le chalet,0.6966076860980273,3.407960195532211,7.297226497335952,Novembre,Pluvieuse,Biomphalaria pfeifferi,2.130609828254235,6.014448383498357,6.652217659856923,4.251348311031766,0.530039842689795,1.2513333756857736,0.7884573603642702,Faible,Abondantes,Rocheux,1.6094379124341003,2.4336133554004498,3.58351893845611
Hôtel Karibu,0.6995779587107422,3.4072093733692315,7.291928651622679,Septembre,Pluvieuse,Lymnaea natalensis,2.1644717908644115,6.251711186373694,6.78083058540847,4.58700621536042,1.4569857892424236,1.0996117890011932,0.3435897043900769,Moyenne,Absentes,Vaseux,2.0794415416798357,2.186051276738094,3.7376696182833684
Hôtel Karibu,0.6995779587107422,3.4072093733692315,7.289132591561211,Octobre,Pluvieuse,Melanoides tuberculata,2.1938856760707046,6.062854543194655,6.596326812800355,4.422448549172797,1.2722854445080234,0.8060293376166179,0.3074846997479606,Faible,Absentes,Vaseux,1.3862943611198906,1.791759469228055,4.875197323201151
Centre Pallotin de Génézareth,0.7021867007113446,3.4068764916131298,7.291588086963188,Juillet,Sèche,Ceratophallus natalensis,2.180417459019838,5.9730459615839635,6.558765017801951,4.528289141652134,0.4206820739130248,1.187233480321638,0.8628899551470398,Faible,Modérées,Rocheux,1.0986122886681098,1.791759469228055,4.454347296253507
Hôtel Karibu,0.6995779587107422,3.4072093733692315,7.285575086269977,Juin,Sèche,Lymnaea natalensis,2.2192034840549946,5.791793351978915,6.376046444299722,4.455509411433685,0.4140944348062189,0.9809542451998773,0.9707789171582248,Forte,Abondantes,Vaseux,2.3978952727983707,1.791759469228055,4.6913478822291435
Marché de Kituku,0.706056495634798,3.4067753292803804,7.300742865579189,Juin,Sèche,Bulinus forskalii,2.200552367428894,6.020052003959894,6.62472901806655,4.478472532942134,0.4272265998896771,0.5900064216404319,1.095273387402595,Moyenne,Modérées,Vaseux,1.3862943611198906,2.6026896854443837,4.174387269895637
Hôtel Karibu,0.6995779587107422,3.4072093733692315,7.290565696525495,Novembre,Pluvieuse,Bellamya capillata,2.2407096892759584,5.888046587909494,6.497378126512952,4.542230386214217,0.6936470556015963,0.8432898389896648,1.1019400787607843,Forte,Modérées,Sableux,1.6094379124341003,1.791759469228055,4.844187086458591
Centre Pallotin de Génézareth,0.7021867007113446,3.4068764916131298,7.292405247376381,Juillet,Sèche,Lymnaea natalensis,2.150598735996164,5.951683677096137,6.48981264936286,3.970291913552122,0.7065568674698629,1.559827411880766,0.5766133643039938,Moyenne,Modérées,Sableux,1.6094379124341003,2.066862759472976,4.454347296253507
Mawe Hai,0.712831173368352,3.4065718134956104,7.303708626717706,Août,Sèche,Lymnaea natalensis,2.196112848483529,5.695414224985685,6.29156913955832,4.541164856012179,1.1700022847547826,1.1477198627751375,1.3812818192963463,Forte,Absentes,Sableux,3.5263605246161616,1.791759469228055,4.8283137373023015
Mawe Hai,0.712831173368352,3.4065718134956104,7.298918602379442,Septembre,Pluvieuse,Bellamya capillata,2.1471001901536506,6.10367653771491,6.653379025236829,4.300002799195291,1.0050339417085437,0.9951019122984449,1.3297240096314962,Moyenne,Modérées,Sableux,2.1972245773362196,1.791759469228055,4.718498871295094
Centre Pallotin de Génézareth,0.7021867007113446,3.4068764916131298,7.293901642703902,Octobre,Pluvieuse,Bulinus tropicus,2.209372711271867,6.0369158100119,6.591948042804508,4.321480134805848,0.4780957991430718,1.7277541392521427,0.7323678937132266,Moyenne,Abondantes,Rocheux,2.772588722239781,2.995732273553991,4.574710978503383
Plage du Peuple,0.6987658661412391,3.407702941213177,7.28660258918601,Novembre,Pluvieuse,Bulinus forskalii,2.179286876649552,5.953503040820864,6.537271139769218,4.430816798843313,0.7761087012742927,0.83116847845732,1.0188473201992472,Forte,Absentes,Sableux,2.70805020110221,2.7788192719904172,4.127134385045092
Mawe Hai,0.712831173368352,3.4065718134956104,7.3024290360120805,Octobre,Pluvieuse,Biomphalaria pfeifferi,2.1090003439213802,6.1349153295129435,6.67884513277359,4.476199804691132,1.2666658736643595,2.0582179052282092,0.9082585601768908,Faible,Absentes,Sableux,3.2188758248682006,3.077312260546414,4.48863636973214
Marché de Kituku,0.706056495634798,3.4067753292803804,7.303506694902662,Septembre,Pluvieuse,Bulinus forskalii,2.1598687907924505,5.786283696167945,6.328293862826008,4.034240638152395,0.750944279286162,1.014868295235149,0.8878912573524571,Forte,Modérées,Sableux,1.3862943611198906,3.2386784521643803,4.2626798770413155
Marché de Kituku,0.706056495634798,3.4067753292803804,7.303102708902016,Août,Sèche,Melanoides tuberculata,2.1815467646169897,6.311916280889189,6.847792937809454,4.548599834499697,0.6673164205254238,1.0416891412684888,0.4510756193602166,Moyenne,Abondantes,Vaseux,3.1354942159291497,1.791759469228055,4.663439094112067
Marché de Kituku,0.706056495634798,3.4067753292803804,7.295260061713309,Octobre,Pluvieuse,Melanoides tuberculata,2.1644717908644115,6.05818817915089,6.667974086514904,4.541164856012179,1.3501489144835375,1.3310458868894122,0.8197798314933114,Moyenne,Absentes,Vaseux,1.791759469228055,1.8082887711792655,4.663439094112067
Le chalet,0.6966076860980273,3.407960195532211,7.292337176173877,Juin,Sèche,Lymnaea natalensis,2.162172939277301,6.266061380011108,6.894467384655202,4.091005660956586,1.002101388287266,1.1948311464086525,0.688134638736401,Forte,Modérées,Vaseux,2.9444389791664403,1.791759469228055,4.663439094112067
Marché de Kituku,0.706056495634798,3.4067753292803804,7.287970952836851,Octobre,Pluvieuse,Bulinus tropicus,2.0769384114617173,6.388057076712548,6.909154299895844,3.8918202981106265,0.856116008838085,1.006862430058542,1.0647107369924282,Moyenne,Abondantes,Sableux,2.70805020110221,3.624340932976365,4.663439094112067
Le chalet,0.6966076860980273,3.407960195532211,7.295938579855774,Août,Sèche,Bellamya capillata,2.122261538862764,6.233822317345996,6.815420667779341,3.828641396489095,1.791759469228055,2.0104933120535646,1.128171090909654,Moyenne,Modérées,Sableux,1.6094379124341003,1.791759469228055,3.7376696182833684
Centre Pallotin de Génézareth,0.7021867007113446,3.4068764916131298,7.2947848249346166,Juillet,Sèche,Bulinus forskalii,2.1077860146889784,6.340888264332522,6.967061384879544,4.354141431184346,1.791759469228055,0.7943490610689127,1.2584609896100056,Faible,Modérées,Vaseux,1.0986122886681098,2.4336133554004498,4.454347296253507
Mawe Hai,0.712831173368352,3.4065718134956104,7.29776828253138,Novembre,Pluvieuse,Biomphalaria pfeifferi,2.162172939277301,6.1433268964172285,6.7156257811970965,4.309455941839047,0.8228587870816025,2.0680013515372804,1.2029723039923526,Faible,Absentes,Sableux,3.713572066704308,2.8678989020441064,4.762173934797756
Centre Pallotin de Génézareth,0.7021867007113446,3.4068764916131298,7.292677485858972,Juin,Sèche,Biomphalaria pfeifferi,2.169053700369523,6.369387152209746,6.999878567857943,3.9684033388642534,0.7742662318447373,1.596150018107165,0.9707789171582248,Moyenne,Modérées,Rocheux,3.091042453358316,2.6741486494265287,4.624972813284271
Marché de Kituku,0.706056495634798,3.4067753292803804,7.297971376327562,Août,Sèche,Melanoides tuberculata,2.194999882314108,6.181464879828938,6.760414691083428,3.7819143200811256,0.4193680132771558,0.5855619698800079,1.2178757094949273,Moyenne,Modérées,Vaseux,1.6094379124341003,1.791759469228055,4.663439094112067
Le chalet,0.6966076860980273,3.407960195532211,7.292677485858972,Octobre,Pluvieuse,Ceratophallus natalensis,2.1102132003465894,6.304265970352727,6.8509732648831525,4.487512142519859,0.5235443961737654,0.5567545556543905,0.1988508587451652,Faible,Modérées,Rocheux,1.3862943611198906,1.791759469228055,5.236441962829949
Le chalet,0.6966076860980273,3.407960195532211,7.295735072749282,Juin,Sèche,Gyraulus costulatus,2.1210632163706555,5.903998521326706,6.495718625490934,4.356708826689592,0.44018854416655,0.9891693772867276,1.0818051703517284,Faible,Modérées,Sableux,1.3862943611198906,1.791759469228055,4.663439094112067
Plage du Peuple,0.6987658661412391,3.407702941213177,7.28248622772044,Août,Sèche,Biomphalaria pfeifferi,2.0794415416798357,6.200306313711332,6.763422908092217,4.3489867805956814,0.34500713907105035,2.079566533867987,1.1314021114911006,Faible,Modérées,Sableux,3.9512437185814275,2.8678989020441064,4.700480365792417
Plage du Peuple,0.6987658661412391,3.407702941213177,7.288107686275226,Août,Sèche,Bulinus forskalii,2.075684492802124,5.719327685991663,6.309190740908139,4.290459441148391,0.4414755456311975,1.250188228122899,1.1249295969854831,Forte,Modérées,Vaseux,2.0794415416798357,2.2512917986064953,4.700480365792417
Mawe Hai,0.712831173368352,3.4065718134956104,7.302294246956748,Novembre,Pluvieuse,Biomphalaria pfeifferi,2.2278615467981093,5.785669634128385,6.401751345495359,4.3067641501733345,1.5203880956005893,1.2095571826198366,0.3074846997479606,Forte,Modérées,Rocheux,2.8903717578961645,2.5877640352277083,4.762173934797756
Marché de Kituku,0.706056495634798,3.4067753292803804,7.2955993783328985,Octobre,Pluvieuse,Lymnaea natalensis,2.057962510002712,6.0739657686197255,6.69999282970623,4.61512051684126,0.975314072323616,1.132369385466243,1.2612978709452054,Moyenne,Abondantes,Vaseux,3.332204510175204,3.1570004211501135,4.663439094112067
Mawe Hai,0.712831173368352,3.4065718134956104,7.299662222491451,Novembre,Pluvieuse,Lymnaea natalensis,2.21046980408624,6.0910836121366945,6.668355305148404,4.320151230955794,0.7724203614544531,2.0187622308679853,0.2151113796169455,Moyenne,Absentes,Sableux,2.4849066497880004,2.3513752571634776,4.762173934797756
Le chalet,0.6966076860980273,3.407960195532211,7.295531524219217,Juin,Sèche,Lymnaea natalensis,2.201659174404085,6.4256790685021326,7.004700485038616,4.312140507209715,0.8556911097452254,1.7199053654600713,1.1085626195212777,Forte,Modérées,Vaseux,1.791759469228055,1.824549292051046,4.663439094112067
Mawe Hai,0.712831173368352,3.4065718134956104,7.302765929186442,Septembre,Pluvieuse,Bellamya capillata,2.180417459019838,6.108135853911675,6.646390514847729,4.235554730773624,1.791759469228055,1.6737264023164622,1.235471471385307,Moyenne,Absentes,Rocheux,2.3978952727983707,1.791759469228055,4.718498871295094
Centre Pallotin de Génézareth,0.7021867007113446,3.4068764916131298,7.295531524219217,Août,Sèche,Biomphalaria pfeifferi,2.211565694606877,6.044056997227153,6.617135562543013,4.146304301152812,1.1863178690872151,1.3384162808754267,0.9858167945227653,Moyenne,Modérées,Sableux,2.0794415416798357,2.4932054526026954,4.418840607796598
Port Bisengimana,0.6931471805599453,3.408528675268409,7.294581082871363,Novembre,Pluvieuse,Biomphalaria pfeifferi,2.2407096892759584,6.298397624151875,6.88356504018092,4.400603020246817,0.765932850285593,0.9700210542951229,1.0402767116551463,Faible,Abondantes,Vaseux,3.332204510175204,3.3032169733019514,4.990432586778736
Plage du Peuple,0.6987658661412391,3.407702941213177,7.285232350550133,Septembre,Pluvieuse,Melanoides tuberculata,2.131796772013764,6.343353054312754,6.942253319389704,4.133565275375382,0.9928813340358676,0.8932267922756034,1.0152306797290584,Forte,Absentes,Sableux,2.4849066497880004,1.791759469228055,4.2626798770413155
Mawe Hai,0.712831173368352,3.4065718134956104,7.298512758218027,Septembre,Pluvieuse,Biomphalaria pfeifferi,2.1041341542702074,6.155919102073512,6.742880635791903,3.9684033388642534,1.6557488152973507,0.9042181506398859,1.3029127521808397,Moyenne,Modérées,Rocheux,2.6390573296152584,2.954910279033736,4.718498871295094
Plage du Peuple,0.6987658661412391,3.407702941213177,7.287902579106012,Août,Sèche,Biomphalaria pfeifferi,2.211565694606877,5.959715848793402,6.485093146045451,4.177459468932607,0.6254035284734257,0.3920420877760237,0.8241754429663494,Moyenne,Abondantes,Vaseux,2.5649493574615367,2.517696472610991,4.700480365792417
Marché de Kituku,0.706056495634798,3.4067753292803804,7.293969607498164,Novembre,Pluvieuse,Lymnaea natalensis,2.1552445050953364,6.012491914300058,6.594823772276905,3.885679030088544,1.541587245525926,1.1187416599632753,1.2149127443642704,Forte,Abondantes,Vaseux,3.1354942159291497,3.091042453358316,4.330733340286331
Hôtel Karibu,0.6995779587107422,3.4072093733692315,7.289337446626969,Août,Sèche,Lymnaea natalensis,2.2407096892759584,6.028760331851679,6.5869988988009265,4.334672938290411,1.1167795926235586,1.8056623743970464,1.2864740258376797,Faible,Absentes,Rocheux,2.8903717578961645,1.791759469228055,4.859812404361672
Port Bisengimana,0.6931471805599453,3.408528675268409,7.295192184570911,Octobre,Pluvieuse,Lymnaea natalensis,2.135349173618132,6.020052003959894,6.576190978713507,4.472780997942346,0.9254486696589207,0.9696419073711496,1.2119409739751128,Moyenne,Absentes,Sableux,2.5649493574615367,3.0204248861443626,5.056245805348308
Port Bisengimana,0.6931471805599453,3.408528675268409,7.287287005063797,Novembre,Pluvieuse,Biomphalaria pfeifferi,2.145931282948669,6.063552623502236,6.661471035226285,4.186619838331271,0.37500590062345585,0.4498009219282161,0.8020015854720274,Forte,Abondantes,Vaseux,3.044522437723423,3.2228678461377385,4.990432586778736
Hôtel Karibu,0.6995779587107422,3.4072093733692315,7.297091005160418,Novembre,Pluvieuse,Melanoides tuberculata,2.2407096892759584,6.069813513518959,6.673677162615148,4.1713056033582285,1.315066851831523,1.6413241012964221,1.308332819650179,Moyenne,Absentes,Sableux,1.791759469228055,1.791759469228055,4.844187086458591
Hôtel Karibu,0.6995779587107422,3.4072093733692315,7.300135147541646,Juillet,Sèche,Bulinus tropicus,2.231089091288976,6.186620061882023,6.788859124038281,4.508659285607248,0.9368773654825434,1.50318811259139,0.8501509293696101,Forte,Abondantes,Vaseux,1.3862943611198906,1.791759469228055,4.74493212836325
Hôtel Karibu,0.6995779587107422,3.4072093733692315,7.290429298789486,Août,Sèche,Gyraulus costulatus,2.138889000323256,6.133398042996649,6.70857236511277,4.613138355637268,1.1082325320451003,1.2504746379773557,1.2556160374777743,Moyenne,Modérées,Sableux,1.6094379124341003,1.791759469228055,4.859812404361672
Plage du Peuple,0.6987658661412391,3.407702941213177,7.28858610613194,Juin,Sèche,Bulinus forskalii,2.217027204632399,6.151242222800372,6.731018100482083,3.9569963710708773,0.8276780735175515,0.9635559243412692,1.1908875647772805,Faible,Absentes,Vaseux,0.6931471805599453,2.388762789235098,4.23410650459726
Le chalet,0.6966076860980273,3.407960195532211,7.285506548522785,Août,Sèche,Melanoides tuberculata,2.1471001901536506,6.028760331851679,6.5839623195179975,3.6027767550605247,1.4243124283074113,0.795252403497099,1.3164082336557241,Moyenne,Absentes,Sableux,1.3862943611198906,1.791759469228055,3.7376696182833684
Le chalet,0.6966076860980273,3.407960195532211,7.293425759762122,Août,Sèche,Biomphalaria pfeifferi,2.2407096892759584,6.210800860079238,6.788408521349571,4.679349584162343,1.791759469228055,1.4146388341290332,0.3001045924503381,Faible,Modérées,Sableux,1.9459101490553132,2.151762203259462,3.7376696182833684
Port Bisengimana,0.6931471805599453,3.408528675268409,7.298512758218027,Août,Sèche,Ceratophallus natalensis,2.217027204632399,5.987456525710443,6.52649485957079,4.215086179918229,0.9991602096964497,0.6637183698691331,0.598836501088704,Faible,Modérées,Sableux,1.3862943611198906,1.8718021769015913,4.248495242049359
Hôtel Karibu,0.6995779587107422,3.4072093733692315,7.291724326745414,Août,Sèche,Bulinus tropicus,2.1938856760707046,5.828651456702071,6.454569434662561,4.447346100794524,1.6052290676600456,0.6376344706296866,0.6981347220709844,Moyenne,Abondantes,Vaseux,1.9459101490553132,1.791759469228055,4.859812404361672
Plage du Peuple,0.6987658661412391,3.407702941213177,7.287355420895247,Juin,Sèche,Bulinus tropicus,2.190535589185423,5.76456394691606,6.277395086520957,4.4796069630127455,0.4330802751411378,0.511625303936555,0.5481214085096876,Forte,Modérées,Vaseux,1.3862943611198906,2.341805806147327,4.23410650459726
Port Bisengimana,0.6931471805599453,3.408528675268409,7.296819965722521,Septembre,Pluvieuse,Bellamya capillata,2.1482677326096886,6.122054116811584,6.6806037062703885,4.091005660956586,1.791759469228055,1.0039352417262015,1.2892326482767593,Faible,Absentes,Vaseux,1.6094379124341003,2.1400661634962708,4.672828834461906
Marché de Kituku,0.706056495634798,3.4067753292803804,7.291928651622679,Juillet,Sèche,Ceratophallus natalensis,2.149433913499871,6.065179584930263,6.660959199002699,4.200204952921578,1.3612329305245194,1.5000693753787353,0.23111172096338664,Faible,Modérées,Sableux,1.3862943611198906,2.2082744135228043,4.543294782270004
Marché de Kituku,0.706056495634798,3.4067753292803804,7.29206484501751,Juillet,Sèche,Gyraulus costulatus,2.201659174404085,6.050912005751402,6.643138479461352,4.3134800921387715,0.3947411447451887,1.8564542281598664,1.2556160374777743,Forte,Modérées,Sableux,0.6931471805599453,1.8082887711792655,4.543294782270004
Mawe Hai,0.712831173368352,3.4065718134956104,7.303641320643307,Septembre,Pluvieuse,Lymnaea natalensis,2.188295946591918,6.160574209929706,6.7227501245589805,4.553876891600541,0.6986321107905149,0.5417427264007122,1.1118575154181303,Faible,Abondantes,Rocheux,1.3862943611198906,2.3513752571634776,4.718498871295094
Marché de Kituku,0.706056495634798,3.4067753292803804,7.293833673290111,Octobre,Pluvieuse,Melanoides tuberculata,2.2407096892759584,6.113018242660559,6.728150029682411,4.398146016553765,1.6913864950812676,1.406587064387653,1.0296194171811581,Faible,Modérées,Vaseux,0.6931471805599453,1.8082887711792655,4.663439094112067
Marché de Kituku,0.706056495634798,3.4067753292803804,7.298106749280254,Novembre,Pluvieuse,Melanoides tuberculata,2.1424163408412245,6.280208555506141,6.893554929580995,4.141546163706395,0.7719583609842351,0.7687183674070194,0.2468600779315258,Faible,Absentes,Sableux,2.4849066497880004,1.791759469228055,4.330733340286331
Le chalet,0.6966076860980273,3.407960195532211,7.288927694521257,Septembre,Pluvieuse,Bellamya capillata,2.1587147225743437,5.897977704014518,6.542039590391256,4.30406509320417,1.791759469228055,1.045563067578294,1.3001916620664788,Moyenne,Abondantes,Rocheux,0.6931471805599453,1.791759469228055,4.499809670330265
Marché de Kituku,0.706056495634798,3.4067753292803804,7.294716915525742,Septembre,Pluvieuse,Ceratophallus natalensis,2.188295946591918,6.050676406739828,6.5890640196560115,4.067315889834181,0.39001300354924273,1.161587087829498,1.172482137234565,Faible,Absentes,Rocheux,1.0986122886681098,2.653241964607215,4.2626798770413155
Plage du Peuple,0.6987658661412391,3.407702941213177,7.289473993360301,Août,Sèche,Melanoides tuberculata,2.2321626286975,5.995954452380834,6.512339506726974,4.516338972281476,1.066777565148091,2.1972245773362196,1.252762968495368,Forte,Absentes,Vaseux,1.6094379124341003,1.791759469228055,4.700480365792417
Plage du Peuple,0.6987658661412391,3.407702941213177,7.290292882446597,Septembre,Pluvieuse,Bulinus forskalii,2.2407096892759584,6.234606784928881,6.800726706223614,4.122283930911342,1.791759469228055,1.0976117883345262,1.3056264580524357,Faible,Absentes,Vaseux,1.791759469228055,3.1612467120315646,4.2626798770413155
Marché de Kituku,0.706056495634798,3.4067753292803804,7.291383692481127,Juin,Sèche,Bulinus forskalii,2.2213750375685026,6.059356813150901,6.634896135421995,4.45318382899021,0.7260982806996312,1.4942515026249827,0.3506568716131694,Moyenne,Modérées,Vaseux,2.0794415416798357,2.714694743820879,4.174387269895637
Centre Pallotin de Génézareth,0.7021867007113446,3.4068764916131298,7.294649001504866,Septembre,Pluvieuse,Bellamya capillata,2.2407096892759584,6.409516770721618,6.9829555115450725,4.364371699435161,0.609221945622184,1.554136596649011,0.4637340162321401,Forte,Modérées,Vaseux,2.1972245773362196,1.791759469228055,4.51085950651685
Hôtel Karibu,0.6995779587107422,3.4072093733692315,7.288312751384116,Juin,Sèche,Lymnaea natalensis,2.2332350148592526,6.201117508239693,6.794250578185316,4.286341384539473,1.791759469228055,1.2113455586553492,0.6259384308664953,Moyenne,Absentes,Sableux,1.791759469228055,1.791759469228055,4.6913478822291435
Hôtel Karibu,0.6995779587107422,3.4072093733692315,7.2970232521877305,Juillet,Sèche,Lymnaea natalensis,2.217027204632399,5.969985515430857,6.556210012863403,4.252771798816619,1.1391142319774397,0.9305880365749795,1.269760544863939,Forte,Absentes,Rocheux,3.6375861597263857,1.791759469228055,4.74493212836325
Hôtel Karibu,0.6995779587107422,3.4072093733692315,7.294581082871363,Septembre,Pluvieuse,Bulinus tropicus,2.150598735996164,6.3466884387794,6.973355736066086,4.175924549214524,0.9524297784900283,0.7114781372446687,1.2383742310432684,Moyenne,Abondantes,Rocheux,1.3862943611198906,2.4336133554004498,3.7376696182833684
Centre Pallotin de Génézareth,0.7021867007113446,3.4068764916131298,7.296752194382994,Juin,Sèche,Melanoides tuberculata,2.2407096892759584,5.952723718791551,6.556778356158042,4.034240638152395,1.268917492966318,0.6146449524049877,1.3762440252663892,Forte,Abondantes,Sableux,2.0794415416798357,1.791759469228055,4.624972813284271
Le chalet,0.6966076860980273,3.407960195532211,7.293629737325297,Juin,Sèche,Melanoides tuberculata,2.122261538862764,5.831589179143857,6.463809184055691,3.970291913552122,1.010873374360103,0.914288729203482,0.4762341789963716,Moyenne,Abondantes,Rocheux,2.70805020110221,1.791759469228055,4.663439094112067
Marché de Kituku,0.706056495634798,3.4067753292803804,7.300877863891915,Juin,Sèche,Bulinus tropicus,2.138889000323256,5.918087077303206,6.480351263355219,4.26549281841793,1.2988283353386147,1.3807791804317806,0.9082585601768908,Forte,Modérées,Vaseux,3.091042453358316,2.91235066461494,4.174387269895637
Port Bisengimana,0.6931471805599453,3.408528675268409,7.291792439676681,Juillet,Sèche,Ceratophallus natalensis,2.162172939277301,6.1070228877422545,6.729943537666011,4.370712874773608,1.791759469228055,1.2773161985501456,1.3217558399823195,Moyenne,Modérées,Sableux,2.3978952727983707,2.128231705849268,4.68213122712422
Le chalet,0.6966076860980273,3.407960195532211,7.294445231763968,Novembre,Pluvieuse,Melanoides tuberculata,2.203869120054888,5.722604228896789,6.354891643869248,4.231203744939298,0.2844267797311083,1.264126727145683,1.0508216248317612,Faible,Abondantes,Sableux,2.6390573296152584,1.791759469228055,3.58351893845611
Marché de Kituku,0.706056495634798,3.4067753292803804,7.2993918791537675,Novembre,Pluvieuse,Melanoides tuberculata,2.066862759472976,6.0239317372454835,6.573261084744552,4.665324108807838,0.7811580578826586,1.069526707773013,1.2809338454620642,Forte,Abondantes,Rocheux,2.9444389791664403,1.791759469228055,4.330733340286331
Hôtel Karibu,0.6995779587107422,3.4072093733692315,7.283722916301278,Septembre,Pluvieuse,Biomphalaria pfeifferi,2.0906287310704004,5.612397912854348,6.2373475853916815,4.056988775678332,0.9951019122984449,2.1657339102448487,1.091923300517313,Faible,Modérées,Sableux,2.0794415416798357,2.4932054526026954,3.7376696182833684
Plage du Peuple,0.6987658661412391,3.407702941213177,7.288176045984041,Juillet,Sèche,Melanoides tuberculata,2.1258479144939915,6.190110466821792,6.837761907161602,3.828641396489095,1.4802399739624186,0.7409845099741055,1.332366019094335,Moyenne,Absentes,Rocheux,1.791759469228055,1.791759469228055,4.2626798770413155
Centre Pallotin de Génézareth,0.7021867007113446,3.4068764916131298,7.298445101508147,Octobre,Pluvieuse,Biomphalaria pfeifferi,2.2407096892759584,6.073044534100405,6.652992053287465,4.128745988939433,0.9624106674877082,0.46624658036802324,1.2556160374777743,Faible,Abondantes,Rocheux,2.5649493574615367,2.9652730660692823,4.574710978503383
Le chalet,0.6966076860980273,3.407960195532211,7.292813577312639,Septembre,Pluvieuse,Biomphalaria pfeifferi,2.194999882314108,6.293049524728755,6.911049845931567,4.027135812528651,1.2270055034365086,2.1972245773362196,0.7030975114131134,Faible,Absentes,Rocheux,3.044522437723423,2.9496883350525844,4.499809670330265
Hôtel Karibu,0.6995779587107422,3.4072093733692315,7.291792439676681,Juillet,Sèche,Bellamya capillata,2.194999882314108,6.2882302382928055,6.873267348523464,4.237000862623624,1.791759469228055,0.4285303810391605,1.1085626195212777,Faible,Absentes,Vaseux,1.791759469228055,1.791759469228055,4.74493212836325
Le chalet,0.6966076860980273,3.407960195532211,7.291519960110962,Octobre,Pluvieuse,Biomphalaria pfeifferi,2.0943301541735866,6.18887994984946,6.7695271596986935,3.8628327612373745,1.2612978709452054,1.2383742310432684,1.0296194171811581,Forte,Modérées,Rocheux,2.9444389791664403,2.72785282839839,5.236441962829949
Mawe Hai,0.712831173368352,3.4065718134956104,7.306128633276545,Octobre,Pluvieuse,Melanoides tuberculata,2.1186622548331173,6.247075288559693,6.8656825025602295,4.188138441508461,0.5922212619699848,1.326278928709904,0.412109650826833,Faible,Abondantes,Rocheux,2.0794415416798357,1.791759469228055,4.48863636973214
Centre Pallotin de Génézareth,0.7021867007113446,3.4068764916131298,7.297294236540043,Septembre,Pluvieuse,Biomphalaria pfeifferi,2.1412419425852827,6.351757936569426,6.926086235666861,4.048300623720694,0.5098251234324072,1.066777565148091,0.9439058989071284,Forte,Modérées,Rocheux,3.091042453358316,3.2068032436339315,4.51085950651685
Plage du Peuple,0.6987658661412391,3.407702941213177,7.288244401020124,Juin,Sèche,Biomphalaria pfeifferi,2.2407096892759584,6.18517928773138,6.74829050433111,4.324132656254979,1.018486244188825,1.544792718940569,0.7178397931503169,Moyenne,Modérées,Vaseux,3.367295829986474,2.7212954278522306,4.23410650459726
Centre Pallotin de Génézareth,0.7021867007113446,3.4068764916131298,7.29776828253138,Octobre,Pluvieuse,Biomphalaria pfeifferi,2.1644717908644115,6.34651316930213,6.908654874224973,4.273884476054178,1.1362291522394166,1.1174340429086975,1.1908875647772805,Faible,Modérées,Sableux,2.833213344056216,3.265759410767051,4.574710978503383
Port Bisengimana,0.6931471805599453,3.408528675268409,7.301080327196133,Juillet,Sèche,Biomphalaria pfeifferi,2.2364452904895007,6.199900469549918,6.782078670894135,4.26549281841793,1.390286382389428,1.0657446850424928,0.9858167945227653,Moyenne,Modérées,Vaseux,3.6109179126442243,2.8903717578961645,4.68213122712422
Marché de Kituku,0.706056495634798,3.4067753292803804,7.300202690008998,Octobre,Pluvieuse,Lymnaea natalensis,2.089391872533004,6.365610971958719,7.001336692603667,4.689511334421843,1.404625317804614,1.0249657484998111,0.9631743177730056,Moyenne,Modérées,Rocheux,3.2188758248682006,3.370738174177447,4.663439094112067
Centre Pallotin de Génézareth,0.7021867007113446,3.4068764916131298,7.293969607498164,Août,Sèche,Bellamya capillata,2.1114245875328868,6.213207117506563,6.767573248382274,4.133565275375382,0.7677907235557111,1.0112372091831088,1.2029723039923526,Forte,Modérées,Rocheux,1.9459101490553132,1.791759469228055,4.418840607796598
Le chalet,0.6966076860980273,3.407960195532211,7.294377299288821,Septembre,Pluvieuse,Biomphalaria pfeifferi,2.167910189667444,5.787510690186913,6.348614378269926,4.658710952916121,1.2455944790167555,1.0094167098636386,1.2149127443642704,Moyenne,Modérées,Rocheux,2.772588722239781,2.5494451709255714,4.499809670330265
Marché de Kituku,0.706056495634798,3.4067753292803804,7.298309774354547,Août,Sèche,Biomphalaria pfeifferi,2.1029138978649784,6.355760378178076,6.911548077220833,4.370712874773608,1.5280109137383713,2.0721651327090598,1.2864740258376797,Moyenne,Abondantes,Vaseux,3.2188758248682006,3.3843902633457743,4.663439094112067
Le chalet,0.6966076860980273,3.407960195532211,7.291860547968892,Octobre,Pluvieuse,Biomphalaria pfeifferi,2.180417459019838,6.071891796220597,6.6581394073368125,4.364371699435161,1.1556225433848892,0.9726710653102627,1.2947271675944,Forte,Modérées,Sableux,3.871201010907891,2.631888840136646,5.236441962829949
Port Bisengimana,0.6931471805599453,3.408528675268409,7.29335775799405,Octobre,Pluvieuse,Lymnaea natalensis,2.136530508663963,5.88025361777198,6.380122536899765,4.350277936359301,0.9034081060431414,1.501852701754163,0.9555114450274363,Moyenne,Abondantes,Vaseux,1.0986122886681098,3.039749158970765,5.056245805348308
Centre Pallotin de Génézareth,0.7021867007113446,3.4068764916131298,7.2985804103507865,Août,Sèche,Bellamya capillata,2.2289385528257473,6.263398262591624,6.826111289941627,4.039536325727106,0.4324315563379787,1.2211248631435017,1.3001916620664788,Moyenne,Modérées,Rocheux,2.5649493574615367,1.791759469228055,4.418840607796598
Le chalet,0.6966076860980273,3.407960195532211,7.292541375881901,Juillet,Sèche,Ceratophallus natalensis,2.145931282948669,6.065411792060065,6.693199744854461,4.249922794040544,1.1039314501457096,1.3566080507495302,1.1118575154181303,Forte,Absentes,Sableux,0.6931471805599453,1.791759469228055,4.653960350157523
Plage du Peuple,0.6987658661412391,3.407702941213177,7.286671051856765,Septembre,Pluvieuse,Melanoides tuberculata,2.2049722641270453,6.229102544572644,6.797270545806865,4.465908118654584,1.428874808655009,1.1786549963416462,1.2781522025001875,Faible,Absentes,Vaseux,2.6390573296152584,1.791759469228055,4.2626798770413155
Port Bisengimana,0.6931471805599453,3.408528675268409,7.2954636655010425,Juin,Sèche,Bulinus forskalii,2.0943301541735866,6.260154913378162,6.871609832345784,4.464758032271346,0.586118607801422,2.1972245773362196,0.19062035960864973,Moyenne,Abondantes,Vaseux,2.4849066497880004,2.856470206220483,4.990432586778736
Mawe Hai,0.712831173368352,3.4065718134956104,7.295192184570911,Juin,Sèche,Melanoides tuberculata,2.2407096892759584,6.060057338573594,6.670386020403945,4.139955073474153,0.5341514490694873,0.898534010284896,0.4762341789963716,Faible,Abondantes,Sableux,1.0986122886681098,1.791759469228055,4.532599493153256
Mawe Hai,0.712831173368352,3.4065718134956104,7.299527059958299,Septembre,Pluvieuse,Bulinus tropicus,2.1598687907924505,6.3272222427913265,6.9065545584056185,4.174387269895637,0.6780335427498971,1.3972343011582251,0.8109302162163288,Moyenne,Modérées,Sableux,3.2188758248682006,2.8507065015037334,4.718498871295094
Le chalet,0.6966076860980273,3.407960195532211,7.289269166267788,Juin,Sèche,Bulinus tropicus,2.1587147225743437,6.397762641520038,7.001154543240687,3.8308129500026027,0.7724203614544531,0.3694924476493468,0.9162907318741551,Forte,Abondantes,Rocheux,1.6094379124341003,1.9740810260220096,4.663439094112067
Plage du Peuple,0.6987658661412391,3.407702941213177,7.282692448721343,Juin,Sèche,Bulinus tropicus,2.189416394888408,6.258433577962221,6.876986745310501,4.498697941477575,1.692307390256395,1.3182831505033468,1.0260415958332743,Faible,Modérées,Rocheux,1.791759469228055,2.766319109226186,4.23410650459726
Hôtel Karibu,0.6995779587107422,3.4072093733692315,7.292201019866226,Août,Sèche,Bellamya capillata,2.130609828254235,6.1721180468012395,6.788746492399935,4.009149716158869,1.5554040239416147,0.4114471797857118,1.0473189942805592,Forte,Abondantes,Sableux,2.3978952727983707,1.791759469228055,4.859812404361672
Plage du Peuple,0.6987658661412391,3.407702941213177,7.283242163570615,Octobre,Pluvieuse,Bellamya capillata,2.175887439948088,5.670914871030584,6.29212454085002,4.264087336809195,1.791759469228055,1.4485646868460151,0.29266961396282,Forte,Absentes,Rocheux,2.5649493574615367,1.8718021769015913,4.8283137373023015
Centre Pallotin de Génézareth,0.7021867007113446,3.4068764916131298,7.290361092944218,Novembre,Pluvieuse,Biomphalaria pfeifferi,2.2235418856535927,6.219197550755999,6.809370377060736,4.417635062141249,0.9066443548223496,0.6564831961883539,1.091923300517313,Forte,Modérées,Sableux,3.2188758248682006,2.89591193827178,4.736198448394496
Plage du Peuple,0.6987658661412391,3.407702941213177,7.286944855678039,Octobre,Pluvieuse,Biomphalaria pfeifferi,2.0162354657760435,6.243001172923409,6.83130610681873,4.26549281841793,0.7911809208313108,0.520577915208669,0.5187937934151675,Moyenne,Abondantes,Rocheux,0.6931471805599453,3.2188758248682006,4.8283137373023015
Mawe Hai,0.712831173368352,3.4065718134956104,7.2993242818981905,Août,Sèche,Bulinus forskalii,2.175887439948088,6.336294616678791,6.934883946370389,4.511957804265912,0.9516578757114464,1.9836187305024984,0.9242589015233319,Forte,Absentes,Rocheux,1.9459101490553132,2.2300144001592104,4.8283137373023015
Plage du Peuple,0.6987658661412391,3.407702941213177,7.292337176173877,Octobre,Pluvieuse,Melanoides tuberculata,2.2407096892759584,6.07073772800249,6.692455881690976,4.060443010546419,1.1167795926235586,0.8346467428336448,0.37156355643248307,Moyenne,Absentes,Rocheux,1.0986122886681098,1.791759469228055,4.8283137373023015
Mawe Hai,0.712831173368352,3.4065718134956104,7.297226497335952,Octobre,Pluvieuse,Bulinus tropicus,2.21375387928743,6.232251533594787,6.833678075585821,4.4331949212482815,0.7575294394892135,1.0892351268555127,1.1969481893889715,Moyenne,Modérées,Sableux,0.6931471805599453,2.7212954278522306,4.48863636973214
Centre Pallotin de Génézareth,0.7021867007113446,3.4068764916131298,7.29817442888503,Septembre,Pluvieuse,Melanoides tuberculata,2.0794415416798357,5.918087077303206,6.45833828334479,4.091005660956586,1.4443273923705,0.5270925962298626,0.8671004876833833,Moyenne,Modérées,Rocheux,1.9459101490553132,1.791759469228055,4.51085950651685
Plage du Peuple,0.6987658661412391,3.407702941213177,7.286397173046426,Octobre,Pluvieuse,Biomphalaria pfeifferi,2.2159372862683733,6.202737925851705,6.788859124038281,4.37449836825309,0.48612301112561884,0.6059539688575679,1.205970806988609,Moyenne,Abondantes,Rocheux,3.9512437185814275,3.246490991901174,4.8283137373023015
Centre Pallotin de Génézareth,0.7021867007113446,3.4068764916131298,7.290361092944218,Octobre,Pluvieuse,Bulinus tropicus,2.169053700369523,6.186620061882023,6.7650389767805414,4.219507705176107,0.8522854018982426,1.499846235804006,1.2296405510745139,Faible,Absentes,Rocheux,0.6931471805599453,3.086486636822455,4.574710978503383
Centre Pallotin de Génézareth,0.7021867007113446,3.4068764916131298,7.293493756906268,Juin,Sèche,Melanoides tuberculata,2.150598735996164,5.985697952213645,6.641051612915548,4.564348191467836,1.08417524087034,2.1185420553017504,0.9516578757114464,Faible,Modérées,Vaseux,1.3862943611198906,1.791759469228055,4.624972813284271
Centre Pallotin de Génézareth,0.7021867007113446,3.4068764916131298,7.294037567673527,Août,Sèche,Lymnaea natalensis,2.166765369851511,5.798183150077685,6.3833377016966795,4.286341384539473,1.1662709371419244,1.179885008796846,1.1878434223960523,Faible,Modérées,Rocheux,2.6390573296152584,2.0014800002101243,4.418840607796598
Port Bisengimana,0.6931471805599453,3.408528675268409,7.302900654683446,Août,Sèche,Melanoides tuberculata,2.1482677326096886,6.128178370423804,6.651701064210668,4.3294166844015844,0.911479174876933,1.7112722183153684,1.1537315878891892,Forte,Absentes,Vaseux,2.0794415416798357,1.791759469228055,4.248495242049359
Centre Pallotin de Génézareth,0.7021867007113446,3.4068764916131298,7.291792439676681,Novembre,Pluvieuse,Ceratophallus natalensis,2.2407096892759584,5.931449114697996,6.509216130944706,4.356708826689592,1.0640208438984906,1.125578736897924,0.8458682675776092,Forte,Abondantes,Vaseux,1.791759469228055,1.916922612182061,4.736198448394496
Hôtel Karibu,0.6995779587107422,3.4072093733692315,7.297091005160418,Septembre,Pluvieuse,Melanoides tuberculata,2.1724764076470255,6.23342985266278,6.83065822859717,4.558078578454241,0.7114781372446687,0.9711576333149952,1.1410330045520618,Moyenne,Modérées,Rocheux,2.1972245773362196,1.791759469228055,3.7376696182833684
Le chalet,0.6966076860980273,3.407960195532211,7.296819965722521,Novembre,Pluvieuse,Gyraulus costulatus,2.0943301541735866,5.937536205082426,6.61472560020376,4.487512142519859,0.594982931772714,0.4382549309311553,0.19062035960864973,Moyenne,Absentes,Rocheux,0.6931471805599453,1.791759469228055,3.58351893845611
Plage du Peuple,0.6987658661412391,3.407702941213177,7.287355420895247,Septembre,Pluvieuse,Bellamya capillata,2.1838015570040787,5.91052560460263,6.525909036472607,4.4355674016019115,1.1387940783009416,0.7304429653036423,0.6043159668533294,Faible,Modérées,Rocheux,3.044522437723423,1.791759469228055,4.2626798770413155
Port Bisengimana,0.6931471805599453,3.408528675268409,7.292201019866226,Juin,Sèche,Biomphalaria pfeifferi,2.21046980408624,5.949600343009283,6.499335811047536,4.31748811353631,0.5624688569178292,1.0335402919243948,0.598836501088704,Moyenne,Abondantes,Rocheux,2.4849066497880004,2.7343675094195836,4.990432586778736
Plage du Peuple,0.6987658661412391,3.407702941213177,7.28337954507928,Juin,Sèche,Biomphalaria pfeifferi,2.186051276738094,6.400921676485684,7.010943436778306,4.135166556742356,1.1301109557274807,1.3694024934496725,0.9122827104766162,Moyenne,Absentes,Rocheux,3.044522437723423,2.884800712846709,4.23410650459726
Mawe Hai,0.712831173368352,3.4065718134956104,7.2966844184502015,Juin,Sèche,Bellamya capillata,2.1482677326096886,6.2136075980886085,6.786039520298041,4.021773869387265,0.24294617861038947,1.4329393689429344,0.8020015854720274,Forte,Absentes,Sableux,0.6931471805599453,1.791759469228055,4.532599493153256
Plage du Peuple,0.6987658661412391,3.407702941213177,7.290702075659699,Août,Sèche,Bulinus forskalii,2.2407096892759584,5.995456568377519,6.518114306220858,4.508659285607248,1.0899078480379634,1.9942920666381405,0.6678293725756554,Moyenne,Modérées,Sableux,2.9444389791664403,2.4765384001174837,4.700480365792417
Marché de Kituku,0.706056495634798,3.4067753292803804,7.294716915525742,Août,Sèche,Melanoides tuberculata,2.2202898502672155,6.119197913617533,6.633450003571995,4.2626798770413155,0.9741822102899327,0.8033459728580209,0.412109650826833,Forte,Modérées,Sableux,1.6094379124341003,1.791759469228055,4.663439094112067
Port Bisengimana,0.6931471805599453,3.408528675268409,7.29308570466992,Septembre,Pluvieuse,Ceratophallus natalensis,2.143589361503588,6.248042874508429,6.863176235584169,4.144720769547168,0.7452651348220519,1.4095224872390977,0.4382549309311553,Faible,Abondantes,Sableux,0.6931471805599453,2.681021528714291,4.672828834461906
Plage du Peuple,0.6987658661412391,3.407702941213177,7.286944855678039,Novembre,Pluvieuse,Lymnaea natalensis,2.2159372862683733,5.98770749823027,6.544487219573761,4.07753744390572,1.0497721232486361,1.0536149227373741,0.5187937934151675,Faible,Absentes,Sableux,1.9459101490553132,2.631888840136646,4.127134385045092
Port Bisengimana,0.6931471805599453,3.408528675268409,7.291451828617153,Novembre,Pluvieuse,Bellamya capillata,2.1424163408412245,5.938854596835685,6.536401700502741,4.290459441148391,1.2778736121654701,1.4710949628123557,1.3270750014599193,Moyenne,Abondantes,Sableux,2.5649493574615367,1.8870696490323797,4.990432586778736
Port Bisengimana,0.6931471805599453,3.408528675268409,7.2911111015022,Juin,Sèche,Melanoides tuberculata,2.1826747963214883,6.024899323194219,6.595507252585106,4.5612182984589085,1.791759469228055,1.725975728682052,1.264126727145683,Forte,Modérées,Sableux,2.4849066497880004,1.791759469228055,4.990432586778736
Marché de Kituku,0.706056495634798,3.4067753292803804,7.300877863891915,Juillet,Sèche,Bulinus tropicus,2.1849270495258133,6.042632833682381,6.7003620377591595,4.37197629882038,1.791759469228055,1.1502555218199482,0.6151856390902334,Faible,Modérées,Vaseux,1.791759469228055,2.995732273553991,4.543294782270004
Mawe Hai,0.712831173368352,3.4065718134956104,7.303102708902016,Septembre,Pluvieuse,Bellamya capillata,2.2407096892759584,6.0236896944027185,6.591673732008658,4.238444906195857,1.5791848692630794,0.9539717988418436,0.8754687373538999,Moyenne,Absentes,Rocheux,2.302585092994046,1.791759469228055,4.718498871295094
Hôtel Karibu,0.6995779587107422,3.4072093733692315,7.285575086269977,Juillet,Sèche,Melanoides tuberculata,2.1482677326096886,6.1764907763090635,6.754604099487962,4.018183201256536,0.7447904137117838,1.097278065654973,0.7793248768009976,Moyenne,Abondantes,Sableux,2.3978952727983707,1.791759469228055,4.74493212836325
Marché de Kituku,0.706056495634798,3.4067753292803804,7.299053847172724,Août,Sèche,Bellamya capillata,2.1724764076470255,5.838604700463646,6.4792773965649,4.308110951723713,1.791759469228055,1.695982513834286,1.3297240096314962,Faible,Modérées,Vaseux,1.0986122886681098,1.791759469228055,4.663439094112067
Le chalet,0.6966076860980273,3.407960195532211,7.292813577312639,Octobre,Pluvieuse,Biomphalaria pfeifferi,2.1826747963214883,5.643324505619087,6.278521424165844,4.318820558770089,0.5641767992629853,0.7075430608436777,0.636576829071551,Moyenne,Modérées,Rocheux,3.5263605246161616,2.3978952727983707,5.236441962829949
Hôtel Karibu,0.6995779587107422,3.4072093733692315,7.287081729480606,Août,Sèche,Lymnaea natalensis,2.0856720914304723,5.940697430054329,6.558623244214133,4.085976312551584,1.2748039850865274,1.0681530811834012,1.1052568313867783,Forte,Modérées,Rocheux,2.302585092994046,1.791759469228055,4.859812404361672
Plage du Peuple,0.6987658661412391,3.407702941213177,7.282211200215957,Septembre,Pluvieuse,Bulinus tropicus,2.060513531794317,6.037154673025098,6.6261878075302105,4.131961425793407,0.42918163472548043,0.9869355714434871,0.9082585601768908,Moyenne,Modérées,Rocheux,1.3862943611198906,3.0819099697950434,4.2626798770413155
Hôtel Karibu,0.6995779587107422,3.4072093733692315,7.290361092944218,Juin,Sèche,Bulinus forskalii,2.1016921506146558,6.178773645412976,6.7512184211619095,4.3067641501733345,0.6780335427498971,1.5900511986339103,0.2776317365982795,Forte,Abondantes,Vaseux,2.9444389791664403,1.791759469228055,4.6913478822291435
Mawe Hai,0.712831173368352,3.4065718134956104,7.301687471276577,Juin,Sèche,Bulinus forskalii,2.1400661634962708,6.09852361940139,6.680352670747544,4.4953553199808844,1.097278065654973,1.3158718968233447,1.3787660946990992,Faible,Abondantes,Rocheux,2.5649493574615367,2.028148247292285,4.532599493153256
Hôtel Karibu,0.6995779587107422,3.4072093733692315,7.288995998199437,Juin,Sèche,Melanoides tuberculata,2.21375387928743,6.4157514094567345,6.95253742175403,4.411585436915426,0.4369637751675354,0.9962103550500285,0.8960880245566356,Faible,Abondantes,Rocheux,1.9459101490553132,1.791759469228055,4.6913478822291435
Mawe Hai,0.712831173368352,3.4065718134956104,7.2986480579070445,Octobre,Pluvieuse,Bellamya capillata,2.134166441369082,5.859075359062237,6.4858558644105475,4.162003210695915,0.9094675065260296,1.471554205070714,1.1537315878891892,Moyenne,Modérées,Sableux,1.6094379124341003,1.791759469228055,4.48863636973214
Mawe Hai,0.712831173368352,3.4065718134956104,7.297835985046554,Juillet,Sèche,Bulinus tropicus,2.191653532286764,6.063087290780949,6.580500431410533,3.754198920234579,0.461845441544272,1.3545456628053103,0.8878912573524571,Forte,Modérées,Rocheux,2.302585092994046,2.0794415416798357,4.804021044733257
Hôtel Karibu,0.6995779587107422,3.4072093733692315,7.287902579106012,Octobre,Pluvieuse,Biomphalaria pfeifferi,2.211565694606877,6.090404494962885,6.726473181762845,4.537961436294641,1.0242478733792475,0.5613286059390974,0.9745596399981308,Forte,Modérées,Sableux,2.995732273553991,2.388762789235098,4.875197323201151
Port Bisengimana,0.6931471805599453,3.408528675268409,7.296345469865456,Septembre,Pluvieuse,Bulinus forskalii,2.2407096892759584,6.24436105657154,6.830118009254985,4.268297869345539,0.7816158285475535,0.8276780735175515,0.7793248768009976,Moyenne,Abondantes,Rocheux,1.791759469228055,3.1654750481410856,4.672828834461906
Plage du Peuple,0.6987658661412391,3.407702941213177,7.2857121476737,Octobre,Pluvieuse,Bulinus forskalii,2.105352923464337,6.037632227952989,6.607865663422611,4.189654742026425,0.7173518692567626,0.9178894532378521,0.5068176023684519,Moyenne,Modérées,Vaseux,2.1972245773362196,2.990719731730447,4.8283137373023015
Mawe Hai,0.712831173368352,3.4065718134956104,7.2975651474797285,Août,Sèche,Lymnaea natalensis,2.154085084675602,6.32310369457549,6.893656354602635,4.354141431184346,0.647626665258136,0.7001227942963706,0.3920420877760237,Faible,Abondantes,Sableux,2.0794415416798357,1.8562979903656263,4.8283137373023015
Mawe Hai,0.712831173368352,3.4065718134956104,7.301957194811591,Octobre,Pluvieuse,Melanoides tuberculata,2.131796772013764,6.418038618426381,7.0284673541444,4.333361462692601,0.5938791789012764,1.0303334479148152,1.358409157630355,Forte,Modérées,Rocheux,2.6390573296152584,1.791759469228055,4.48863636973214
Hôtel Karibu,0.6995779587107422,3.4072093733692315,7.290224667295986,Juin,Sèche,Bulinus forskalii,2.211565694606877,6.082447194819853,6.7015917477026115,4.151039905898646,0.5971867894140341,0.38390093019232385,1.0331844833456545,Faible,Modérées,Rocheux,1.9459101490553132,1.791759469228055,4.6913478822291435
Mawe Hai,0.712831173368352,3.4065718134956104,7.29817442888503,Juillet,Sèche,Biomphalaria pfeifferi,2.2407096892759584,6.149322631723562,6.786152457222888,4.403054001865957,1.355061658688792,1.4279160358107101,0.6418538861723948,Moyenne,Absentes,Sableux,3.332204510175204,2.2617630984737906,4.804021044733257
Marché de Kituku,0.706056495634798,3.4067753292803804,7.299864932043143,Novembre,Pluvieuse,Melanoides tuberculata,2.2027647577118348,5.9949584363622375,6.566813066889472,4.2017030805426,0.4836599556932212,0.6086780239334952,1.3297240096314962,Forte,Modérées,Vaseux,0.6931471805599453,1.791759469228055,4.330733340286331
Mawe Hai,0.712831173368352,3.4065718134956104,7.3005403339329265,Juin,Sèche,Biomphalaria pfeifferi,2.0693912058263346,5.802118375377063,6.355934034512627,4.034240638152395,1.7514581724545293,1.4749918158811777,0.8796267475025635,Faible,Modérées,Rocheux,2.1972245773362196,2.2512917986064953,4.532599493153256
Hôtel Karibu,0.6995779587107422,3.4072093733692315,7.285369458934525,Juin,Sèche,Melanoides tuberculata,2.2407096892759584,6.231071824452857,6.858249859078298,4.417635062141249,1.5151272329628591,0.8928173756885129,1.1314021114911006,Moyenne,Absentes,Sableux,2.772588722239781,1.791759469228055,4.6913478822291435
Port Bisengimana,0.6931471805599453,3.408528675268409,7.298039065094637,Septembre,Pluvieuse,Bellamya capillata,2.231089091288976,6.45031243178126,7.054017785960389,4.599152113662528,0.5056120567131033,0.7153977894947651,1.2809338454620642,Faible,Absentes,Vaseux,1.6094379124341003,2.028148247292285,4.672828834461906
Mawe Hai,0.712831173368352,3.4065718134956104,7.305053797757241,Juillet,Sèche,Ceratophallus natalensis,2.2407096892759584,5.833347679010845,6.442699389460335,4.290459441148391,1.018125037755423,1.0848513734180727,0.3987761199573678,Forte,Abondantes,Sableux,2.772588722239781,1.791759469228055,4.804021044733257
Marché de Kituku,0.706056495634798,3.4067753292803804,7.299932492763366,Août,Sèche,Melanoides tuberculata,2.1412419425852827,6.215008018443519,6.794026513653794,4.757032535297338,0.8458682675776092,1.2438663679876125,0.8628899551470398,Moyenne,Modérées,Sableux,1.6094379124341003,1.791759469228055,4.663439094112067
Port Bisengimana,0.6931471805599453,3.408528675268409,7.297700575432264,Juillet,Sèche,Ceratophallus natalensis,2.21375387928743,6.141176820336309,6.696787303598061,4.535820107853298,0.4700036292457356,0.4953058121079539,0.636576829071551,Moyenne,Modérées,Rocheux,1.6094379124341003,1.8718021769015913,4.68213122712422
Plage du Peuple,0.6987658661412391,3.407702941213177,7.288039321893042,Novembre,Pluvieuse,Biomphalaria pfeifferi,2.186051276738094,6.3377102955561755,6.97886590644009,4.440295542797857,0.316998126785834,1.7924259137712155,0.5877866649021191,Moyenne,Modérées,Rocheux,3.1354942159291497,3.332204510175204,4.127134385045092
Plage du Peuple,0.6987658661412391,3.407702941213177,7.29308570466992,Août,Sèche,Melanoides tuberculata,2.162172939277301,6.244555174790144,6.85835492868701,4.294560608892605,0.8599319982047707,1.3018252044934406,0.3074846997479606,Faible,Modérées,Vaseux,0.6931471805599453,1.791759469228055,4.700480365792417
Marché de Kituku,0.706056495634798,3.4067753292803804,7.294988525495498,Juin,Sèche,Melanoides tuberculata,2.2407096892759584,6.106354512981937,6.76122548628624,4.293195420967266,1.2717249063767546,0.9118810233854551,0.5247285289349821,Faible,Modérées,Vaseux,1.6094379124341003,1.791759469228055,4.174387269895637
Le chalet,0.6966076860980273,3.407960195532211,7.292677485858972,Septembre,Pluvieuse,Lymnaea natalensis,2.2027647577118348,5.904271335405605,6.552650530212922,4.390738575275903,1.2839847422953208,1.331310052787131,1.1118575154181303,Moyenne,Abondantes,Rocheux,2.302585092994046,2.174751721484161,4.499809670330265
Marché de Kituku,0.706056495634798,3.4067753292803804,7.29654885280233,Août,Sèche,Lymnaea natalensis,2.1471001901536506,6.343880434126331,6.943411956190172,4.050044303325521,0.45679173527350503,1.2848151921700368,0.8153648132841945,Faible,Modérées,Vaseux,1.6094379124341003,2.681021528714291,4.663439094112067
Mawe Hai,0.712831173368352,3.4065718134956104,7.301012843982557,Septembre,Pluvieuse,Melanoides tuberculata,2.145931282948669,6.087683404848525,6.694685813239402,4.410371107683024,0.3357576956833441,0.42133845726445457,0.9162907318741551,Faible,Abondantes,Sableux,2.4849066497880004,1.791759469228055,4.718498871295094
Mawe Hai,0.712831173368352,3.4065718134956104,7.302833294203815,Août,Sèche,Gyraulus costulatus,2.122261538862764,6.008567455007644,6.599734435534826,4.163559631243574,1.007227726866257,1.637636566792779,1.0784095813505903,Moyenne,Abondantes,Sableux,0.6931471805599453,1.791759469228055,4.8283137373023015
Mawe Hai,0.712831173368352,3.4065718134956104,7.300202690008998,Octobre,Pluvieuse,Biomphalaria pfeifferi,2.1471001901536506,6.280770300675861,6.909853077064283,4.530446639792155,1.704384389743054,1.0367368849500223,0.7030975114131134,Forte,Abondantes,Sableux,2.9444389791664403,3.044522437723423,4.48863636973214
Centre Pallotin de Génézareth,0.7021867007113446,3.4068764916131298,7.289132591561211,Juillet,Sèche,Ceratophallus natalensis,2.1258479144939915,6.136430317358168,6.733282837131582,4.454347296253507,0.739553553374101,1.2412685890696329,1.085189268335969,Forte,Modérées,Rocheux,2.4849066497880004,1.791759469228055,4.454347296253507
Marché de Kituku,0.706056495634798,3.4067753292803804,7.29335775799405,Septembre,Pluvieuse,Lymnaea natalensis,2.2289385528257473,6.310100079881413,6.899622295751948,4.440295542797857,0.6333971761541713,0.8144794657274703,1.3609765531356006,Moyenne,Abondantes,Sableux,2.1972245773362196,3.173878458937465,4.2626798770413155
Hôtel Karibu,0.6995779587107422,3.4072093733692315,7.29654885280233,Juillet,Sèche,Bulinus forskalii,2.2321626286975,6.197461939587221,6.784004471545962,4.308110951723713,1.791759469228055,1.9578387199205871,0.959350221334602,Moyenne,Modérées,Sableux,2.70805020110221,1.840549633397487,4.74493212836325
Centre Pallotin de Génézareth,0.7021867007113446,3.4068764916131298,7.288312751384116,Novembre,Pluvieuse,Biomphalaria pfeifferi,2.151762203259462,6.043582501370088,6.6369958737262635,3.6000482404073204,0.7793248768009976,1.5370822502419599,1.0784095813505903,Faible,Abondantes,Sableux,2.70805020110221,2.9856819377004897,4.736198448394496
Hôtel Karibu,0.6995779587107422,3.4072093733692315,7.2949206299188685,Septembre,Pluvieuse,Lymnaea natalensis,2.2407096892759584,6.067962518080707,6.631342798788587,4.235554730773624,1.40192161700559,1.1144856378244,0.7654678421395714,Moyenne,Modérées,Vaseux,1.3862943611198906,2.0149030205422647,3.7376696182833684
Port Bisengimana,0.6931471805599453,3.408528675268409,7.291315551702252,Novembre,Pluvieuse,Melanoides tuberculata,2.2267833795777636,6.12029741895095,6.700608100752526,4.210645017918261,0.6243328645595856,1.9009127831245776,1.1817271953786161,Moyenne,Abondantes,Vaseux,1.791759469228055,1.791759469228055,4.990432586778736
Mawe Hai,0.712831173368352,3.4065718134956104,7.3015525822226195,Juin,Sèche,Biomphalaria pfeifferi,2.2202898502672155,6.178980920779041,6.7447656504876745,4.580877493419047,0.4922542381805553,1.9451956081174444,1.2296405510745139,Faible,Modérées,Sableux,3.091042453358316,2.33214389523559,4.532599493153256
Centre Pallotin de Génézareth,0.7021867007113446,3.4068764916131298,7.291860547968892,Septembre,Pluvieuse,Bulinus forskalii,2.1849270495258133,6.160363083569796,6.7447656504876745,4.11414718951828,1.2950011026734998,1.892509372328198,0.6780335427498971,Forte,Absentes,Vaseux,2.6390573296152584,3.039749158970765,4.51085950651685
Hôtel Karibu,0.6995779587107422,3.4072093733692315,7.294241420492499,Novembre,Pluvieuse,Lymnaea natalensis,2.2049722641270453,6.21100160282808,6.761457021364839,4.385769620952716,0.9435167181277465,0.8355144218468673,1.366091653802371,Moyenne,Abondantes,Vaseux,1.9459101490553132,1.8870696490323797,4.844187086458591
Port Bisengimana,0.6931471805599453,3.408528675268409,7.297835985046554,Septembre,Pluvieuse,Melanoides tuberculata,2.21375387928743,6.420646181833463,6.975881108029737,4.220977213155467,1.091923300517313,1.4095224872390977,0.8628899551470398,Faible,Absentes,Rocheux,2.0794415416798357,1.791759469228055,4.672828834461906
Marché de Kituku,0.706056495634798,3.4067753292803804,7.299594643508488,Août,Sèche,Melanoides tuberculata,2.075684492802124,6.418038618426381,7.005244900259394,4.396915247167632,1.354287564984804,1.9636097261547143,1.1817271953786161,Faible,Absentes,Vaseux,1.3862943611198906,1.791759469228055,4.663439094112067
Centre Pallotin de Génézareth,0.7021867007113446,3.4068764916131298,7.295735072749282,Octobre,Pluvieuse,Melanoides tuberculata,2.188295946591918,5.897428555181388,6.489052944091952,4.334672938290411,1.791759469228055,1.1978541233177589,1.252762968495368,Forte,Abondantes,Rocheux,1.791759469228055,1.791759469228055,4.574710978503383
Hôtel Karibu,0.6995779587107422,3.4072093733692315,7.291519960110962,Juillet,Sèche,Bulinus tropicus,2.188295946591918,5.794536837924666,6.424869023905388,4.1666652238017265,0.9802040576178078,0.6647477060382473,1.3454723665996355,Faible,Absentes,Vaseux,1.9459101490553132,1.791759469228055,4.74493212836325
Centre Pallotin de Génézareth,0.7021867007113446,3.4068764916131298,7.28337954507928,Septembre,Pluvieuse,Bulinus forskalii,2.167910189667444,6.246494287284514,6.8988154374126625,4.02535169073515,1.343125865718512,2.116978145208562,0.41871033485818504,Faible,Abondantes,Sableux,2.5649493574615367,3.152736022363656,4.51085950651685
Le chalet,0.6966076860980273,3.407960195532211,7.290906609493717,Septembre,Pluvieuse,Bellamya capillata,2.2407096892759584,6.142037405587356,6.698144741950512,4.6520537718869415,1.6046263554368783,1.1687600485701914,1.2325602611778486,Moyenne,Absentes,Rocheux,1.0986122886681098,1.791759469228055,4.499809670330265
Port Bisengimana,0.6931471805599453,3.408528675268409,7.28851777444993,Août,Sèche,Bulinus tropicus,2.2407096892759584,5.77827132664694,6.3726369626471016,4.475061500641071,0.6086780239334952,2.1972245773362196,0.23901690047049992,Forte,Modérées,Rocheux,3.828641396489095,2.72785282839839,4.248495242049359
Mawe Hai,0.712831173368352,3.4065718134956104,7.303304722302925,Juillet,Sèche,Bulinus tropicus,2.1424163408412245,6.4586517138441435,7.033859155777863,4.401829261970061,1.40192161700559,1.2884058603007653,0.688134638736401,Faible,Absentes,Rocheux,1.0986122886681098,2.3608540011180215,4.804021044733257
Hôtel Karibu,0.6995779587107422,3.4072093733692315,7.2927455339009155,Septembre,Pluvieuse,Melanoides tuberculata,2.1552445050953364,5.876053695596654,6.490723534502507,4.197201947661808,1.5002924651733025,0.6026752773958697,0.4510756193602166,Forte,Modérées,Rocheux,2.302585092994046,1.791759469228055,3.7376696182833684
Le chalet,0.6966076860980273,3.407960195532211,7.290224667295986,Juillet,Sèche,Melanoides tuberculata,2.1972245773362196,6.061689991997479,6.718529945871388,4.238444906195857,1.551808799597464,0.885419068207068,0.8458682675776092,Moyenne,Abondantes,Vaseux,2.4849066497880004,1.791759469228055,4.653960350157523
Mawe Hai,0.712831173368352,3.4065718134956104,7.298039065094637,Août,Sèche,Biomphalaria pfeifferi,2.1482677326096886,6.465833633863357,7.052721049232323,4.530446639792155,1.4300719834657785,1.525403916824091,1.1474024528375417,Forte,Absentes,Sableux,3.367295829986474,2.5257286443082556,4.8283137373023015
Marché de Kituku,0.706056495634798,3.4067753292803804,7.297226497335952,Juillet,Sèche,Bulinus forskalii,2.065596134857783,6.133398042996649,6.737204177787098,4.455509411433685,1.6130314479442305,1.460705858633701,1.1568811967920856,Moyenne,Absentes,Vaseux,2.302585092994046,2.8622008809294686,4.543294782270004
Le chalet,0.6966076860980273,3.407960195532211,7.291519960110962,Août,Sèche,Bellamya capillata,2.2407096892759584,6.141607205537701,6.691339048417354,4.529368472571809,0.9654617758806044,0.9700210542951229,0.8197798314933114,Forte,Abondantes,Sableux,2.8903717578961645,1.791759469228055,3.7376696182833684
Le chalet,0.6966076860980273,3.407960195532211,7.289200881246082,Novembre,Pluvieuse,Ceratophallus natalensis,2.2300144001592104,5.970240910656355,6.551223181983152,4.136765278106052,0.9218751101680557,0.3548733219921042,0.41871033485818504,Faible,Absentes,Sableux,0.6931471805599453,1.791759469228055,3.58351893845611
Marché de Kituku,0.706056495634798,3.4067753292803804,7.293629737325297,Juillet,Sèche,Bulinus tropicus,2.1713368063840917,6.091309882077698,6.660447100668629,4.399375273008495,1.1059188638505477,2.1972245773362196,0.8960880245566356,Faible,Absentes,Vaseux,2.833213344056216,3.122364924487357,4.543294782270004
Le chalet,0.6966076860980273,3.407960195532211,7.293289751601423,Novembre,Pluvieuse,Ceratophallus natalensis,2.154085084675602,6.363545211196563,6.921855403360919,4.231203744939298,1.4204542127665951,0.5670169034157332,0.5822156198526637,Faible,Absentes,Rocheux,0.6931471805599453,1.791759469228055,3.58351893845611
Hôtel Karibu,0.6995779587107422,3.4072093733692315,7.288244401020124,Novembre,Pluvieuse,Biomphalaria pfeifferi,2.1983350716202463,5.838895948463375,6.414278293550759,4.37197629882038,1.791759469228055,1.0577902941478545,0.9477893989335261,Moyenne,Absentes,Vaseux,3.828641396489095,2.302585092994046,4.844187086458591
Mawe Hai,0.712831173368352,3.4065718134956104,7.293017679772782,Juin,Sèche,Melanoides tuberculata,2.2181159363675955,6.472809865551464,7.033947304219897,4.192680462942962,0.4989554511955033,2.051941867977251,1.007957920399979,Moyenne,Modérées,Vaseux,2.6390573296152584,1.791759469228055,4.532599493153256
Port Bisengimana,0.6931471805599453,3.408528675268409,7.288381097076656,Juin,Sèche,Bulinus forskalii,2.199444334074532,6.121395716700013,6.637520120134077,4.432006566978902,0.7761087012742927,1.8432444119165634,1.128171090909654,Faible,Absentes,Vaseux,2.6390573296152584,2.7013612129514133,4.990432586778736
Le chalet,0.6966076860980273,3.407960195532211,7.288176045984041,Juin,Sèche,Biomphalaria pfeifferi,2.214846178686039,6.303168275401672,6.8501261661455,4.448516375942715,0.3471295310952009,1.1786549963416462,0.6780335427498971,Forte,Abondantes,Sableux,3.9512437185814275,2.0541237336955462,4.663439094112067
Marché de Kituku,0.706056495634798,3.4067753292803804,7.300135147541646,Juin,Sèche,Bulinus forskalii,2.005525858729668,6.223964193346217,6.788746492399935,4.436751534363128,1.7444931434269653,0.6232610530957788,0.8064758658669484,Moyenne,Abondantes,Vaseux,2.1972245773362196,2.7536607123542622,4.174387269895637
Port Bisengimana,0.6931471805599453,3.408528675268409,7.297294236540043,Juillet,Sèche,Bellamya capillata,2.2407096892759584,6.217005223021913,6.8008379966360595,4.4796069630127455,1.1278474139364447,1.5965552866030868,0.7178397931503169,Faible,Abondantes,Vaseux,1.9459101490553132,1.791759469228055,4.68213122712422
Port Bisengimana,0.6931471805599453,3.408528675268409,7.292405247376381,Octobre,Pluvieuse,Biomphalaria pfeifferi,2.1471001901536506,6.365094931696128,6.956164418189824,4.312140507209715,1.5284447532245686,1.3614892422009195,0.5481214085096876,Faible,Modérées,Vaseux,3.828641396489095,3.763522997109702,5.056245805348308
Port Bisengimana,0.6931471805599453,3.408528675268409,7.299594643508488,Juillet,Sèche,Biomphalaria pfeifferi,2.136530508663963,6.062854543194655,6.70857236511277,4.3067641501733345,0.7603384301002686,0.9646998710818426,0.9858167945227653,Faible,Abondantes,Rocheux,2.3978952727983707,2.833213344056216,4.68213122712422
Le chalet,0.6966076860980273,3.407960195532211,7.285232350550133,Septembre,Pluvieuse,Biomphalaria pfeifferi,2.157559320943788,6.277395086520957,6.907255153940455,4.562262684976814,1.3483328548327718,0.9407882034745425,0.9001613499442714,Moyenne,Absentes,Rocheux,3.6109179126442243,2.760009940032921,4.499809670330265
Plage du Peuple,0.6987658661412391,3.407702941213177,7.279111917456852,Juillet,Sèche,Bulinus forskalii,2.1552445050953364,6.025624398754687,6.61324998118223,4.143134726391533,0.7575294394892135,2.1972245773362196,0.8064758658669484,Forte,Modérées,Sableux,2.302585092994046,2.6100697927420065,4.2626798770413155
Mawe Hai,0.712831173368352,3.4065718134956104,7.2986480579070445,Juillet,Sèche,Bulinus forskalii,2.010894999144726,6.33753344525949,6.9049513516494025,4.517431271680085,0.4140944348062189,1.0174022332425665,1.0402767116551463,Forte,Modérées,Rocheux,2.5649493574615367,1.916922612182061,4.804021044733257
Centre Pallotin de Génézareth,0.7021867007113446,3.4068764916131298,7.29308570466992,Juillet,Sèche,Biomphalaria pfeifferi,2.1770218700187,5.614222397943558,6.226141334235865,4.3463994570307305,1.33920275358604,2.1972245773362196,1.0750024230289759,Faible,Abondantes,Sableux,2.6390573296152584,2.5649493574615367,4.454347296253507
Marché de Kituku,0.706056495634798,3.4067753292803804,7.304717674598552,Septembre,Pluvieuse,Ceratophallus natalensis,2.0980179272527715,6.464432528317732,6.9845311177841864,4.662495252607361,1.2820443397460914,0.9078552530530535,1.0647107369924282,Moyenne,Modérées,Vaseux,2.772588722239781,2.9069010598473755,4.2626798770413155
Mawe Hai,0.712831173368352,3.4065718134956104,7.302226845615436,Novembre,Pluvieuse,Lymnaea natalensis,2.131796772013764,5.927992124152408,6.500839118606658,4.562262684976814,0.7537718023763802,1.308332819650179,1.3164082336557241,Moyenne,Abondantes,Sableux,1.6094379124341003,2.1972245773362196,4.762173934797756
Port Bisengimana,0.6931471805599453,3.408528675268409,7.2947848249346166,Septembre,Pluvieuse,Biomphalaria pfeifferi,2.238579763018133,6.262445427836352,6.791109096862817,3.960813169597578,1.1625256144117624,0.733809162278835,0.44468582126144574,Forte,Absentes,Rocheux,2.995732273553991,3.487375077903208,4.672828834461906
Mawe Hai,0.712831173368352,3.4065718134956104,7.294649001504866,Août,Sèche,Melanoides tuberculata,2.234306252240751,6.101887228358073,6.687856457832816,4.406719247264253,1.196343777161445,1.018486244188825,0.44468582126144574,Faible,Abondantes,Sableux,2.1972245773362196,1.791759469228055,4.8283137373023015
Plage du Peuple,0.6987658661412391,3.407702941213177,7.28578067133152,Septembre,Pluvieuse,Bulinus tropicus,2.1447610078004784,6.120736882812121,6.7548371725574246,3.822098297900159,0.8281150409704297,1.3177478185847806,1.0152306797290584,Faible,Abondantes,Sableux,0.6931471805599453,3.246490991901174,4.2626798770413155
Port Bisengimana,0.6931471805599453,3.408528675268409,7.293221740583611,Juin,Sèche,Bellamya capillata,2.2235418856535927,6.026348948961484,6.59468702013994,4.314817884980432,1.791759469228055,1.6712853157601806,0.6205764877251099,Moyenne,Modérées,Vaseux,2.70805020110221,1.791759469228055,4.990432586778736
Le chalet,0.6966076860980273,3.407960195532211,7.291656209174461,Octobre,Pluvieuse,Melanoides tuberculata,2.222459048514761,5.904271335405605,6.539585955617669,4.33204826486764,0.8389776287714849,1.5385861714621492,1.3762440252663892,Moyenne,Absentes,Vaseux,2.0794415416798357,1.791759469228055,5.236441962829949
Le chalet,0.6966076860980273,3.407960195532211,7.295938579855774,Octobre,Pluvieuse,Biomphalaria pfeifferi,2.2027647577118348,6.001909804969521,6.5868610723242424,4.160444363926624,1.208960345836975,1.026399954554185,0.8544153281560676,Faible,Modérées,Sableux,2.4849066497880004,2.5952547069568657,5.236441962829949
Hôtel Karibu,0.6995779587107422,3.4072093733692315,7.28543800607785,Juillet,Sèche,Melanoides tuberculata,2.163323025660538,6.07073772800249,6.66670230712436,4.355425952876702,0.4898062565419153,2.0295945692852544,0.3506568716131694,Moyenne,Modérées,Rocheux,3.258096538021482,1.791759469228055,4.74493212836325
Centre Pallotin de Génézareth,0.7021867007113446,3.4068764916131298,7.2949206299188685,Novembre,Pluvieuse,Bulinus tropicus,2.188295946591918,6.260345990096045,6.853615832881489,3.4339872044851463,0.9839493803479699,0.609221945622184,0.5247285289349821,Moyenne,Modérées,Vaseux,3.367295829986474,2.8390784635086144,4.736198448394496
Centre Pallotin de Génézareth,0.7021867007113446,3.4068764916131298,7.292541375881901,Juillet,Sèche,Melanoides tuberculata,2.145931282948669,6.243778475721972,6.789309523775655,3.9684033388642534,0.14236724128692196,0.38458189719174024,0.7514160886839212,Faible,Abondantes,Sableux,2.0794415416798357,1.791759469228055,4.454347296253507
Hôtel Karibu,0.6995779587107422,3.4072093733692315,7.289951760150947,Août,Sèche,Bulinus tropicus,2.2364452904895007,6.213407377845673,6.808487277323468,4.160444363926624,0.4014570867106256,1.4395981331422014,0.3784364357202451,Moyenne,Modérées,Sableux,3.332204510175204,1.791759469228055,4.859812404361672
Port Bisengimana,0.6931471805599453,3.408528675268409,7.297091005160418,Août,Sèche,Gyraulus costulatus,2.1644717908644115,6.149536101678477,6.738389433348399,4.498697941477575,0.35417181372061385,0.9516578757114464,0.8197798314933114,Faible,Absentes,Sableux,0.6931471805599453,1.791759469228055,4.248495242049359
Centre Pallotin de Génézareth,0.7021867007113446,3.4068764916131298,7.29308570466992,Septembre,Pluvieuse,Lymnaea natalensis,2.2407096892759584,6.224954390476336,6.760182914515001,4.3134800921387715,0.511025603768657,0.9528155065565274,0.4574248470388754,Faible,Absentes,Vaseux,2.8903717578961645,2.5952547069568657,4.51085950651685
Centre Pallotin de Génézareth,0.7021867007113446,3.4068764916131298,7.292813577312639,Septembre,Pluvieuse,Lymnaea natalensis,2.152924318439639,5.996700813903228,6.594002978797172,4.373238128640803,0.510425543744651,0.7916341272745994,0.9858167945227653,Moyenne,Modérées,Sableux,2.1972245773362196,2.580216829592325,4.51085950651685
Plage du Peuple,0.6987658661412391,3.407702941213177,7.288859386177366,Septembre,Pluvieuse,Lymnaea natalensis,2.2235418856535927,6.000672027858895,6.592770524002347,4.4343818650078095,0.5833323145527387,1.2886815322528902,0.9360933591703349,Forte,Modérées,Rocheux,2.302585092994046,2.785011242238338,4.2626798770413155
Port Bisengimana,0.6931471805599453,3.408528675268409,7.291042942145598,Juin,Sèche,Bulinus tropicus,2.1587147225743437,6.433422291575172,7.01472449997938,4.097672352314776,0.9042181506398859,0.8006553882752306,1.2267122912954254,Moyenne,Modérées,Vaseux,1.791759469228055,2.8735646395797834,4.990432586778736
Le chalet,0.6966076860980273,3.407960195532211,7.294716915525742,Octobre,Pluvieuse,Biomphalaria pfeifferi,2.186051276738094,6.223766036206958,6.784683281392143,4.0809215418899605,0.8480118911208606,1.2214197179296566,0.7227059828014898,Forte,Modérées,Rocheux,3.7376696182833684,2.6878474937846906,5.236441962829949
Mawe Hai,0.712831173368352,3.4065718134956104,7.295192184570911,Novembre,Pluvieuse,Bulinus tropicus,2.211565694606877,6.061456918928017,6.697157696836445,4.206184043977636,1.1216775615991057,1.100942904006392,0.3646431135879093,Moyenne,Absentes,Rocheux,3.091042453358316,2.517696472610991,4.762173934797756
Marché de Kituku,0.706056495634798,3.4067753292803804,7.30162002902398,Juin,Sèche,Melanoides tuberculata,2.136530508663963,6.314634412489316,6.902139540196502,4.597138014290827,1.1454958745669601,2.1972245773362196,1.0331844833456545,Forte,Modérées,Vaseux,2.8903717578961645,1.791759469228055,4.174387269895637
Le chalet,0.6966076860980273,3.407960195532211,7.294445231763968,Octobre,Pluvieuse,Bulinus tropicus,2.2407096892759584,6.1433268964172285,6.750633523209925,4.333361462692601,0.6981347220709844,1.551808799597464,0.2546422183735807,Moyenne,Modérées,Sableux,2.70805020110221,2.4932054526026954,5.236441962829949
Mawe Hai,0.712831173368352,3.4065718134956104,7.298106749280254,Novembre,Pluvieuse,Bulinus tropicus,2.0992441689760155,6.080848108242668,6.669498089857879,4.3694478524670215,0.7774883289936961,1.161587087829498,1.0750024230289759,Faible,Modérées,Rocheux,3.091042453358316,2.533696813957432,4.762173934797756
Marché de Kituku,0.706056495634798,3.4067753292803804,7.298783339292532,Juin,Sèche,Biomphalaria pfeifferi,2.2235418856535927,6.151029116779321,6.7148984202727995,4.395682961121367,1.1684492482568893,0.9913982043609605,0.7419373447293773,Faible,Modérées,Rocheux,1.791759469228055,2.995732273553991,4.174387269895637
Hôtel Karibu,0.6995779587107422,3.4072093733692315,7.287765817617833,Juin,Sèche,Ceratophallus natalensis,2.1065702090680882,5.701446414858653,6.259390241194085,4.147885329150131,1.343386860108614,0.4706284340145776,0.4700036292457356,Forte,Modérées,Vaseux,1.791759469228055,1.791759469228055,4.6913478822291435
Centre Pallotin de Génézareth,0.7021867007113446,3.4068764916131298,7.292405247376381,Octobre,Pluvieuse,Biomphalaria pfeifferi,2.0731719286662407,6.179188153190932,6.747116933019324,4.1666652238017265,1.610037732506068,1.5155666968240298,0.6312717768418579,Forte,Abondantes,Vaseux,2.772588722239781,3.2809112157876537,4.574710978503383
Hôtel Karibu,0.6995779587107422,3.4072093733692315,7.283036055912986,Juin,Sèche,Melanoides tuberculata,2.199444334074532,6.275703197782002,6.850232092738471,4.549657476057832,0.6124792774924905,2.1972245773362196,1.2296405510745139,Moyenne,Modérées,Rocheux,1.9459101490553132,1.791759469228055,4.6913478822291435
Hôtel Karibu,0.6995779587107422,3.4072093733692315,7.289200881246082,Juillet,Sèche,Melanoides tuberculata,2.0681277817795625,6.160785291724685,6.713806385947203,3.856510295497887,1.4904291258518982,1.4795569915795803,0.7701082216960736,Faible,Abondantes,Rocheux,1.0986122886681098,1.791759469228055,4.74493212836325
Plage du Peuple,0.6987658661412391,3.407702941213177,7.29206484501751,Août,Sèche,Lymnaea natalensis,2.1234584270966104,5.851052393391237,6.458495010874302,4.08260930600368,0.7270653987634059,1.5464981126602262,0.19062035960864973,Moyenne,Modérées,Sableux,1.9459101490553132,2.2300144001592104,4.700480365792417
Centre Pallotin de Génézareth,0.7021867007113446,3.4068764916131298,7.296345469865456,Novembre,Pluvieuse,Lymnaea natalensis,2.131796772013764,5.984188138137206,6.569341158123582,4.447346100794524,0.6103089022509408,1.5420152361166661,0.2546422183735807,Moyenne,Absentes,Sableux,1.3862943611198906,2.509599262378372,4.736198448394496
Plage du Peuple,0.6987658661412391,3.407702941213177,7.292949650247942,Juillet,Sèche,Biomphalaria pfeifferi,2.1938856760707046,5.658785108725465,6.283574302886914,4.447346100794524,1.0360274134764884,0.8250522514398839,1.1817271953786161,Forte,Modérées,Sableux,3.6888794541139363,2.509599262378372,4.2626798770413155
Le chalet,0.6966076860980273,3.407960195532211,7.296616637923521,Octobre,Pluvieuse,Bulinus forskalii,2.2300144001592104,6.220391343177919,6.864430154243763,4.505349850705881,1.6048272998764173,1.9220564701759129,0.6205764877251099,Moyenne,Absentes,Rocheux,0.6931471805599453,2.5726122302071057,5.236441962829949
Hôtel Karibu,0.6995779587107422,3.4072093733692315,7.289269166267788,Novembre,Pluvieuse,Biomphalaria pfeifferi,2.179286876649552,6.089271607110894,6.641312709522775,3.9160150266976834,0.2874320411965716,1.021731244332152,0.4574248470388754,Forte,Modérées,Sableux,3.4657359027997265,2.2407096892759584,4.844187086458591
Hôtel Karibu,0.6995779587107422,3.4072093733692315,7.29015644749175,Août,Sèche,Melanoides tuberculata,2.1126345090356,6.0112671744041615,6.6388295350128,4.070734696582967,0.4027948795522855,1.4600093989421714,1.0296194171811581,Moyenne,Modérées,Vaseux,1.791759469228055,1.791759469228055,4.859812404361672
Marché de Kituku,0.706056495634798,3.4067753292803804,7.2955993783328985,Novembre,Pluvieuse,Lymnaea natalensis,2.2407096892759584,5.986452005284438,6.564983240212396,4.33204826486764,0.752830182721119,1.0101453073457793,1.2669476034873244,Moyenne,Absentes,Vaseux,3.044522437723423,2.8678989020441064,4.330733340286331
Marché de Kituku,0.706056495634798,3.4067753292803804,7.2966844184502015,Septembre,Pluvieuse,Melanoides tuberculata,2.2407096892759584,6.017619504584833,6.568779912142806,4.14946386144318,1.588418545210025,1.5583551222047842,1.3190856114264407,Moyenne,Absentes,Sableux,1.9459101490553132,1.791759469228055,4.2626798770413155
Hôtel Karibu,0.6995779587107422,3.4072093733692315,7.292609433186177,Octobre,Pluvieuse,Bulinus tropicus,2.1482677326096886,6.0792464604915155,6.699254004404797,4.258445572902527,0.3886579897917832,1.859729595667322,0.4054651081081644,Forte,Absentes,Rocheux,3.2188758248682006,2.4336133554004498,4.875197323201151
Mawe Hai,0.712831173368352,3.4065718134956104,7.2993918791537675,Juillet,Sèche,Melanoides tuberculata,2.2353763433005955,5.96435025461641,6.532770878127559,4.169761201506855,0.4081282255276481,2.1972245773362196,1.3506671834767394,Faible,Modérées,Rocheux,2.302585092994046,1.791759469228055,4.804021044733257
Centre Pallotin de Génézareth,0.7021867007113446,3.4068764916131298,7.293221740583611,Novembre,Pluvieuse,Biomphalaria pfeifferi,2.1412419425852827,5.6950780340260545,6.267769646536424,4.178992036282385,1.5332046064345113,1.3805277662255535,0.8197798314933114,Faible,Abondantes,Sableux,3.6375861597263857,2.9231615807191558,4.736198448394496
Plage du Peuple,0.6987658661412391,3.407702941213177,7.29015644749175,Novembre,Pluvieuse,Lymnaea natalensis,2.169053700369523,6.106131622086108,6.723592027308811,4.115779842942166,1.791759469228055,1.506297153514587,0.5007752879124893,Faible,Modérées,Sableux,1.0986122886681098,2.9014215940827497,4.127134385045092
Centre Pallotin de Génézareth,0.7021867007113446,3.4068764916131298,7.28981527864398,Août,Sèche,Gyraulus costulatus,2.179286876649552,6.288601778330518,6.839476438228843,4.4953553199808844,0.6668032052203433,0.7829878845597348,0.41871033485818504,Moyenne,Abondantes,Sableux,1.791759469228055,1.791759469228055,4.418840607796598
Marché de Kituku,0.706056495634798,3.4067753292803804,7.296616637923521,Octobre,Pluvieuse,Melanoides tuberculata,2.179286876649552,6.057018177847421,6.627115021319402,4.66814498514948,1.0177637008047888,1.831140425951906,1.3837912309017721,Moyenne,Modérées,Sableux,2.3978952727983707,1.840549633397487,4.663439094112067
Marché de Kituku,0.706056495634798,3.4067753292803804,7.293153724939987,Septembre,Pluvieuse,Melanoides tuberculata,2.187174241482718,6.177736623646287,6.742172838192459,4.713127327493184,0.5080216964332566,1.026758184900126,1.1151415906193203,Faible,Abondantes,Vaseux,1.3862943611198906,1.791759469228055,4.2626798770413155
Port Bisengimana,0.6931471805599453,3.408528675268409,7.298850973123,Septembre,Pluvieuse,Bellamya capillata,2.1114245875328868,6.11257537285704,6.651830238143548,4.330733340286331,0.7212486106708201,0.8895359945653354,0.3001045924503381,Forte,Modérées,Sableux,3.2188758248682006,1.9878743481543455,4.672828834461906
Centre Pallotin de Génézareth,0.7021867007113446,3.4068764916131298,7.29335775799405,Octobre,Pluvieuse,Bellamya capillata,2.1972245773362196,6.052089168924417,6.657882667925903,4.446174454497633,1.5082907304291426,1.797078630705655,0.76080582903376,Faible,Absentes,Sableux,1.6094379124341003,1.791759469228055,4.574710978503383
Marché de Kituku,0.706056495634798,3.4067753292803804,7.294309362198541,Septembre,Pluvieuse,Biomphalaria pfeifferi,2.222459048514761,5.863915226161007,6.478663240242817,4.0809215418899605,1.4788735424129837,0.7612730096075457,0.4054651081081644,Faible,Absentes,Vaseux,2.995732273553991,3.5496173867804286,4.2626798770413155
Port Bisengimana,0.6931471805599453,3.408528675268409,7.294105523230619,Octobre,Pluvieuse,Bulinus forskalii,2.0906287310704004,6.115892125483034,6.793914462558377,4.388257184424518,0.40945712937770185,1.0855270491194544,1.0043016091968684,Moyenne,Abondantes,Vaseux,2.833213344056216,3.186352633162641,5.056245805348308
Centre Pallotin de Génézareth,0.7021867007113446,3.4068764916131298,7.294852729732116,Juin,Sèche,Bulinus forskalii,2.188295946591918,5.496348217047172,6.07073772800249,4.062165663857866,1.1908875647772805,1.523226215615035,0.6471032420585384,Faible,Modérées,Rocheux,0.6931471805599453,2.1162555148025524,4.624972813284271
Hôtel Karibu,0.6995779587107422,3.4072093733692315,7.290838436197171,Juillet,Sèche,Lymnaea natalensis,2.189416394888408,5.345677937907874,5.8888779583328805,4.470495282661489,1.155937355287379,0.7626732432085555,1.208960345836975,Forte,Absentes,Sableux,3.091042453358316,1.791759469228055,4.74493212836325
Port Bisengimana,0.6931471805599453,3.408528675268409,7.297294236540043,Juillet,Sèche,Gyraulus costulatus,2.234306252240751,6.240080894395223,6.776849009134338,4.157319361383489,0.8078142555380713,1.5295285292057983,0.3074846997479606,Moyenne,Modérées,Rocheux,1.9459101490553132,1.791759469228055,4.68213122712422
Port Bisengimana,0.6931471805599453,3.408528675268409,7.291928651622679,Octobre,Pluvieuse,Bulinus forskalii,2.189416394888408,6.101439400316553,6.650149674112825,4.165113633110308,1.098278899766872,1.8255165660261885,1.0577902941478545,Forte,Abondantes,Rocheux,1.3862943611198906,3.3603753871419,5.056245805348308
Port Bisengimana,0.6931471805599453,3.408528675268409,7.2906338884175055,Juin,Sèche,Bulinus tropicus,2.166765369851511,6.2408604695662575,6.836259277277067,3.960813169597578,1.1622128700777044,0.514618422004687,0.6575200029167941,Faible,Absentes,Sableux,1.9459101490553132,2.785011242238338,4.990432586778736
Port Bisengimana,0.6931471805599453,3.408528675268409,7.295531524219217,Septembre,Pluvieuse,Biomphalaria pfeifferi,2.21046980408624,6.233037233890559,6.807161163746434,4.37197629882038,0.6119371251344021,1.1820338968071822,1.2149127443642704,Forte,Abondantes,Sableux,3.7612001156935624,3.5145260669691587,4.672828834461906
Centre Pallotin de Génézareth,0.7021867007113446,3.4068764916131298,7.297903682978408,Août,Sèche,Lymnaea natalensis,2.2202898502672155,6.20979654142497,6.78083058540847,4.377014092850337,1.7060200102803444,1.2886815322528902,1.0116009116784799,Moyenne,Absentes,Rocheux,1.791759469228055,2.1972245773362196,4.418840607796598
Centre Pallotin de Génézareth,0.7021867007113446,3.4068764916131298,7.289951760150947,Juillet,Sèche,Bulinus tropicus,2.2407096892759584,6.11257537285704,6.677335318697152,4.345103280569283,0.928614481562987,1.469715969258963,1.1662709371419244,Moyenne,Modérées,Rocheux,1.6094379124341003,2.341805806147327,4.454347296253507
Mawe Hai,0.712831173368352,3.4065718134956104,7.300405290043457,Août,Sèche,Biomphalaria pfeifferi,2.224623551524334,6.20010341221931,6.762613893312466,4.133565275375382,0.2829207553500705,2.0454968856268985,1.3164082336557241,Moyenne,Absentes,Sableux,2.70805020110221,2.341805806147327,4.8283137373023015
Centre Pallotin de Génézareth,0.7021867007113446,3.4068764916131298,7.293697720601438,Novembre,Pluvieuse,Biomphalaria pfeifferi,2.2407096892759584,6.260345990096045,6.8737847594109835,4.0163830207523885,1.119068297235492,0.29713723122253605,0.9555114450274363,Faible,Modérées,Vaseux,1.6094379124341003,2.884800712846709,4.736198448394496
Marché de Kituku,0.706056495634798,3.4067753292803804,7.297903682978408,Novembre,Pluvieuse,Gyraulus costulatus,2.175887439948088,6.095824562432225,6.689226065218673,4.034240638152395,0.408792898200839,0.9246556482057827,0.8919980393051105,Faible,Absentes,Vaseux,1.0986122886681098,2.128231705849268,4.330733340286331
Plage du Peuple,0.6987658661412391,3.407702941213177,7.289269166267788,Octobre,Pluvieuse,Biomphalaria pfeifferi,2.0881534822818573,6.340711975217918,6.91592184164853,4.513054897080286,1.2053718252396433,1.4813772423665827,1.1151415906193203,Faible,Modérées,Sableux,2.9444389791664403,3.520460802488973,4.8283137373023015
Le chalet,0.6966076860980273,3.407960195532211,7.288791073167126,Octobre,Pluvieuse,Bulinus tropicus,2.2407096892759584,6.154008476293262,6.808487277323468,4.102643365036796,1.791759469228055,1.0427471558267143,0.7561219797213337,Forte,Modérées,Sableux,2.3978952727983707,2.5726122302071057,5.236441962829949
Marché de Kituku,0.706056495634798,3.4067753292803804,7.2985804103507865,Août,Sèche,Ceratophallus natalensis,2.200552367428894,6.349663329415057,6.900629954039548,4.375757021660286,0.9009740277622618,1.3599503857802886,0.48858001481867097,Moyenne,Modérées,Vaseux,1.3862943611198906,2.2300144001592104,4.663439094112067
Mawe Hai,0.712831173368352,3.4065718134956104,7.300877863891915,Août,Sèche,Biomphalaria pfeifferi,2.1598687907924505,6.467077415118228,7.0317412587631285,4.557029810660157,1.5713205903209724,0.8997547632340556,0.8796267475025635,Forte,Modérées,Vaseux,3.1780538303479458,2.468099531471619,4.8283137373023015
Port Bisengimana,0.6931471805599453,3.408528675268409,7.294513159624605,Octobre,Pluvieuse,Biomphalaria pfeifferi,2.1126345090356,6.101663339406057,6.666956792429207,4.301358731606427,1.0360274134764884,0.8073683246499682,0.9321640810304452,Moyenne,Absentes,Vaseux,2.6390573296152584,3.4965075614664802,5.056245805348308
Hôtel Karibu,0.6995779587107422,3.4072093733692315,7.291860547968892,Novembre,Pluvieuse,Bulinus tropicus,2.163323025660538,6.329186003129627,6.926184414450504,4.411585436915426,0.8219800524029137,1.959953929057249,0.9783261227936076,Moyenne,Modérées,Sableux,2.1972245773362196,2.424802725718295,4.844187086458591
Port Bisengimana,0.6931471805599453,3.408528675268409,7.29654885280233,Novembre,Pluvieuse,Biomphalaria pfeifferi,2.145931282948669,5.831002324666921,6.49329987903584,4.143134726391533,0.7957037688850374,1.213427963096691,0.6523251860396903,Forte,Modérées,Sableux,3.4011973816621555,3.2386784521643803,4.990432586778736
Port Bisengimana,0.6931471805599453,3.408528675268409,7.289473993360301,Juillet,Sèche,Gyraulus costulatus,2.200552367428894,6.1870313306519575,6.775822607721311,4.60816569496789,0.9779501122608828,1.111528513934656,1.1755733298042381,Moyenne,Abondantes,Rocheux,1.9459101490553132,1.791759469228055,4.68213122712422
Mawe Hai,0.712831173368352,3.4065718134956104,7.303102708902016,Septembre,Pluvieuse,Bellamya capillata,2.1482677326096886,6.088364371847941,6.7227501245589805,4.398146016553765,1.3428648031925547,1.3882923637825637,0.1988508587451652,Moyenne,Absentes,Sableux,2.1972245773362196,1.791759469228055,4.718498871295094
Marché de Kituku,0.706056495634798,3.4067753292803804,7.295260061713309,Novembre,Pluvieuse,Gyraulus costulatus,2.192770226986839,5.851052393391237,6.372466183037772,4.178992036282385,1.161587087829498,1.7588918656024382,0.5822156198526637,Faible,Modérées,Vaseux,1.791759469228055,2.1972245773362196,4.330733340286331
Port Bisengimana,0.6931471805599453,3.408528675268409,7.29641326877392,Novembre,Pluvieuse,Bulinus tropicus,2.2407096892759584,6.280021236970423,6.903044199252018,4.235554730773624,0.8932267922756034,1.130756741994677,0.5709795465857378,Forte,Modérées,Sableux,2.0794415416798357,3.1986731175506815,4.990432586778736
Plage du Peuple,0.6987658661412391,3.407702941213177,7.288381097076656,Octobre,Pluvieuse,Gyraulus costulatus,2.1198634561787513,6.202535517187923,6.772050096816762,4.563305981889393,0.8796267475025635,1.810908288066816,0.8878912573524571,Moyenne,Modérées,Vaseux,2.772588722239781,2.2082744135228043,4.8283137373023015
Port Bisengimana,0.6931471805599453,3.408528675268409,7.294241420492499,Octobre,Pluvieuse,Bulinus tropicus,2.201659174404085,6.259772650376566,6.805168690207036,4.310799125385514,0.9984235614126774,0.7202758479481979,0.8796267475025635,Moyenne,Modérées,Sableux,2.0794415416798357,3.3978584803966405,5.056245805348308
Mawe Hai,0.712831173368352,3.4065718134956104,7.299662222491451,Septembre,Pluvieuse,Bulinus forskalii,2.206074192613202,6.159095388491933,6.792007670437824,3.927896354584436,1.1777314931207088,2.0010745126057308,0.9321640810304452,Moyenne,Modérées,Rocheux,1.6094379124341003,2.7536607123542622,4.718498871295094
Port Bisengimana,0.6931471805599453,3.408528675268409,7.2870132949211275,Juillet,Sèche,Melanoides tuberculata,2.2407096892759584,6.137511048037225,6.628834712198929,3.9646154555473165,0.30306317449008324,0.3974329364109001,0.9477893989335261,Forte,Modérées,Vaseux,2.3978952727983707,1.791759469228055,4.68213122712422
Plage du Peuple,0.6987658661412391,3.407702941213177,7.287423832046291,Septembre,Pluvieuse,Gyraulus costulatus,2.1770218700187,6.028278520230698,6.585343726009258,4.146304301152812,1.2095571826198366,0.9078552530530535,1.0331844833456545,Forte,Modérées,Vaseux,2.302585092994046,2.028148247292285,4.2626798770413155
Marché de Kituku,0.706056495634798,3.4067753292803804,7.299256680072915,Juillet,Sèche,Bulinus tropicus,2.209372711271867,6.137294995319522,6.686983911812983,4.476199804691132,1.4639496056854948,0.8628899551470398,1.3837912309017721,Moyenne,Modérées,Vaseux,2.1972245773362196,2.917770732084279,4.543294782270004
Mawe Hai,0.712831173368352,3.4065718134956104,7.303372051035487,Octobre,Pluvieuse,Bellamya capillata,2.1412419425852827,6.198072129782092,6.800281420676904,4.428433007488037,1.184789984909162,1.1297879061365594,0.9122827104766162,Moyenne,Abondantes,Sableux,1.6094379124341003,1.791759469228055,4.48863636973214
Marché de Kituku,0.706056495634798,3.4067753292803804,7.2986480579070445,Juillet,Sèche,Bulinus tropicus,2.1174596088673567,6.173160908508018,6.77776048236595,4.146304301152812,0.555033878430311,0.6302073807860711,0.5538851132264376,Forte,Absentes,Rocheux,1.9459101490553132,2.8507065015037334,4.543294782270004
Hôtel Karibu,0.6995779587107422,3.4072093733692315,7.290292882446597,Août,Sèche,Lymnaea natalensis,2.203869120054888,5.87577307261179,6.476510717886486,4.593097604753822,0.2561914053604101,1.11382925447297,0.5068176023684519,Moyenne,Absentes,Rocheux,2.302585092994046,1.791759469228055,4.859812404361672
Centre Pallotin de Génézareth,0.7021867007113446,3.4068764916131298,7.293969607498164,Octobre,Pluvieuse,Melanoides tuberculata,2.190535589185423,5.977619140285929,6.537995095494749,4.4520190064939165,0.5282725373697112,2.1709946726064486,0.6678293725756554,Forte,Modérées,Sableux,2.0794415416798357,1.791759469228055,4.574710978503383
Port Bisengimana,0.6931471805599453,3.408528675268409,7.295802913053232,Juin,Sèche,Bulinus forskalii,2.178155014615869,5.9156628336917,6.502190165873639,4.237000862623624,1.65134731551131,0.7770286645406475,0.8285518175661483,Faible,Abondantes,Sableux,2.70805020110221,2.5952547069568657,4.990432586778736
Plage du Peuple,0.6987658661412391,3.407702941213177,7.280628322489642,Octobre,Pluvieuse,Melanoides tuberculata,2.1447610078004784,5.714392653768217,6.334344780024526,4.197201947661808,1.094604267270571,1.117106871304274,1.172482137234565,Moyenne,Abondantes,Sableux,2.6390573296152584,1.791759469228055,4.8283137373023015
Centre Pallotin de Génézareth,0.7021867007113446,3.4068764916131298,7.297700575432264,Juillet,Sèche,Melanoides tuberculata,2.191653532286764,6.293973653802932,6.856777724217269,4.310799125385514,1.2590290100740142,0.9764446546939022,1.0188473201992472,Forte,Absentes,Vaseux,2.833213344056216,1.791759469228055,4.454347296253507
Plage du Peuple,0.6987658661412391,3.407702941213177,7.284340687539651,Octobre,Pluvieuse,Bulinus forskalii,2.1412419425852827,6.3377102955561755,6.883462586413092,4.084294226368599,1.0438040521731147,0.5158131652770298,1.0818051703517284,Moyenne,Modérées,Vaseux,1.3862943611198906,3.1354942159291497,4.8283137373023015
Port Bisengimana,0.6931471805599453,3.408528675268409,7.294988525495498,Novembre,Pluvieuse,Lymnaea natalensis,2.132982308607866,6.249975242259483,6.792232187726598,4.155753190350744,1.5286616024068127,0.973049065692764,1.0508216248317612,Moyenne,Absentes,Vaseux,2.1972245773362196,3.0301337002713233,4.990432586778736
Hôtel Karibu,0.6995779587107422,3.4072093733692315,7.294037567673527,Octobre,Pluvieuse,Gyraulus costulatus,2.122261538862764,6.370927852677146,6.975320465144561,4.355425952876702,0.712949807856125,1.7305930339905675,0.48858001481867097,Moyenne,Modérées,Rocheux,0.6931471805599453,1.791759469228055,4.875197323201151
Port Bisengimana,0.6931471805599453,3.408528675268409,7.290770258252709,Octobre,Pluvieuse,Lymnaea natalensis,2.0769384114617173,6.046426105181957,6.6637710617960755,4.320151230955794,0.8193392057977046,1.260731138144545,0.5187937934151675,Faible,Modérées,Vaseux,2.5649493574615367,3.0252910757955354,5.056245805348308
Mawe Hai,0.712831173368352,3.4065718134956104,7.302765929186442,Juin,Sèche,Bulinus tropicus,2.105352923464337,6.120736882812121,6.691463202617029,4.4331949212482815,1.565903910410372,0.7035924384214839,0.8671004876833833,Forte,Abondantes,Sableux,3.044522437723423,2.174751721484161,4.532599493153256
Mawe Hai,0.712831173368352,3.4065718134956104,7.300067600512001,Juillet,Sèche,Bulinus tropicus,2.1424163408412245,6.340359303727752,6.917111373906162,4.204692619390966,0.6538864666066427,1.2199445738356347,1.1474024528375417,Moyenne,Modérées,Rocheux,2.9444389791664403,2.2192034840549946,4.804021044733257
Mawe Hai,0.712831173368352,3.4065718134956104,7.299527059958299,Juin,Sèche,Bulinus forskalii,2.05668455455722,5.918893854273146,6.518114306220858,4.030694535145645,1.5306111318881295,0.7381205462026765,0.5538851132264376,Forte,Modérées,Vaseux,1.791759469228055,1.916922612182061,4.532599493153256
Mawe Hai,0.712831173368352,3.4065718134956104,7.305456996472468,Novembre,Pluvieuse,Ceratophallus natalensis,2.2300144001592104,6.32704352775198,6.891219310342038,3.7954891891721947,0.3674170404706345,0.4593217808988751,1.0784095813505903,Forte,Abondantes,Sableux,2.302585092994046,1.791759469228055,4.762173934797756
Port Bisengimana,0.6931471805599453,3.408528675268409,7.290224667295986,Septembre,Pluvieuse,Lymnaea natalensis,2.196112848483529,5.656341400056065,6.295819353847015,4.152613470346076,0.9190868191761563,0.7390761124483451,1.184789984909162,Moyenne,Modérées,Vaseux,1.6094379124341003,2.833213344056216,4.672828834461906
Le chalet,0.6966076860980273,3.407960195532211,7.294241420492499,Septembre,Pluvieuse,Biomphalaria pfeifferi,2.2407096892759584,6.20010341221931,6.742998553367654,4.363098624788363,0.9254486696589207,1.2801001647134869,0.3001045924503381,Faible,Absentes,Vaseux,1.9459101490553132,2.617395832834079,4.499809670330265
Mawe Hai,0.712831173368352,3.4065718134956104,7.297158753542951,Août,Sèche,Bulinus forskalii,2.1077860146889784,6.2051636395941925,6.816516798547866,4.206184043977636,0.36672427979173383,0.35627486391739266,0.35767444427181594,Faible,Modérées,Sableux,1.3862943611198906,1.916922612182061,4.8283137373023015
Marché de Kituku,0.706056495634798,3.4067753292803804,7.293289751601423,Juillet,Sèche,Ceratophallus natalensis,2.128231705849268,6.202130576911079,6.815968883351428,4.485259889315534,0.3008450589780618,1.7351891177396608,1.3762440252663892,Forte,Modérées,Sableux,2.772588722239781,2.2192034840549946,4.543294782270004
Centre Pallotin de Génézareth,0.7021867007113446,3.4068764916131298,7.290770258252709,Juin,Sèche,Lymnaea natalensis,2.1564025828159643,6.227721737567575,6.825894252501817,4.442651256490317,1.2908841763152323,1.070898450100594,0.5364933705145685,Forte,Modérées,Rocheux,2.9444389791664403,2.174751721484161,4.624972813284271
Plage du Peuple,0.6987658661412391,3.407702941213177,7.286397173046426,Septembre,Pluvieuse,Bulinus forskalii,2.1610215286722587,6.150815965334412,6.728867818922465,4.041295341132285,0.43760956143473156,0.7929925155296614,0.3987761199573678,Moyenne,Abondantes,Vaseux,1.3862943611198906,3.0155349008501706,4.2626798770413155
Marché de Kituku,0.706056495634798,3.4067753292803804,7.303035362031936,Octobre,Pluvieuse,Lymnaea natalensis,2.2407096892759584,6.079017444115844,6.695798917058491,4.468204330914934,1.051870026115978,1.2573239798229305,0.9001613499442714,Moyenne,Modérées,Sableux,0.6931471805599453,3.139832617527748,4.663439094112067
Marché de Kituku,0.706056495634798,3.4067753292803804,7.300607849039458,Juillet,Sèche,Lymnaea natalensis,2.1294214739848565,5.928524747334108,6.451259999761194,4.39197696552705,0.4414755456311975,1.3817842056420047,0.5596157879354227,Forte,Absentes,Vaseux,2.3978952727983707,2.517696472610991,4.543294782270004
Port Bisengimana,0.6931471805599453,3.408528675268409,7.2941734741700675,Juillet,Sèche,Melanoides tuberculata,2.2213750375685026,6.2422232654551655,6.799167338565238,4.05871738457895,1.164087870627021,0.7134398838277077,1.0260415958332743,Moyenne,Absentes,Rocheux,1.6094379124341003,1.791759469228055,4.68213122712422
Port Bisengimana,0.6931471805599453,3.408528675268409,7.2912474062798935,Juillet,Sèche,Gyraulus costulatus,2.1400661634962708,6.158672466091889,6.760646413943925,4.117409835153096,0.3126185577418125,1.4211787629733923,1.2296405510745139,Moyenne,Abondantes,Vaseux,1.6094379124341003,1.791759469228055,4.68213122712422
Hôtel Karibu,0.6995779587107422,3.4072093733692315,7.288791073167126,Juin,Sèche,Bellamya capillata,2.157559320943788,6.223766036206958,6.782192056006791,3.7999735016195233,0.748581887448046,1.33500106673234,1.2412685890696329,Moyenne,Absentes,Rocheux,2.833213344056216,1.791759469228055,4.6913478822291435
Mawe Hai,0.712831173368352,3.4065718134956104,7.3015525822226195,Août,Sèche,Ceratophallus natalensis,2.0693912058263346,6.076035448558252,6.6331868456757395,4.469350462845557,0.7584666466805879,0.7001227942963706,0.5822156198526637,Faible,Modérées,Vaseux,2.0794415416798357,1.791759469228055,4.8283137373023015
Centre Pallotin de Génézareth,0.7021867007113446,3.4068764916131298,7.296074228255331,Juin,Sèche,Lymnaea natalensis,2.1938856760707046,6.09807428216624,6.770101113683341,4.3694478524670215,1.0875513413086848,1.0770481107522691,0.7701082216960736,Moyenne,Absentes,Vaseux,2.302585092994046,2.066862759472976,4.624972813284271
Marché de Kituku,0.706056495634798,3.4067753292803804,7.298106749280254,Août,Sèche,Biomphalaria pfeifferi,2.175887439948088,6.04784488054409,6.626982614831291,3.7977338590260183,1.2756420910162956,1.3386785071782272,0.8878912573524571,Faible,Modérées,Vaseux,2.833213344056216,3.068052935133617,4.663439094112067
Centre Pallotin de Génézareth,0.7021867007113446,3.4068764916131298,7.294581082871363,Août,Sèche,Biomphalaria pfeifferi,2.2192034840549946,6.267200548541362,6.852982253134845,4.378269585796169,0.6037693694087286,1.054660401138927,0.9042181506398859,Forte,Absentes,Sableux,3.258096538021482,2.4849066497880004,4.418840607796598
Marché de Kituku,0.706056495634798,3.4067753292803804,7.294241420492499,Juin,Sèche,Bellamya capillata,2.2267833795777636,6.213006817055218,6.7902097151270935,4.297285406218791,0.7490548124982412,1.5403021735992384,1.091923300517313,Forte,Modérées,Vaseux,2.0794415416798357,1.791759469228055,4.174387269895637
Le chalet,0.6966076860980273,3.407960195532211,7.295260061713309,Septembre,Pluvieuse,Biomphalaria pfeifferi,2.0856720914304723,5.833933159121246,6.461468176353717,4.26689632742025,0.7825307416946308,1.5247511042669064,0.7514160886839212,Moyenne,Absentes,Sableux,1.791759469228055,2.5726122302071057,4.499809670330265
Hôtel Karibu,0.6995779587107422,3.4072093733692315,7.28981527864398,Septembre,Pluvieuse,Bulinus tropicus,2.169053700369523,5.978125982668802,6.562726539677803,4.247065649239764,0.8501509293696101,2.157328080336907,0.35767444427181594,Forte,Abondantes,Vaseux,2.3978952727983707,2.4932054526026954,3.7376696182833684
Centre Pallotin de Génézareth,0.7021867007113446,3.4068764916131298,7.293561749427117,Août,Sèche,Biomphalaria pfeifferi,2.151762203259462,6.4783560205783415,7.046124948246909,4.206184043977636,0.8385453832493022,0.3784364357202451,1.264126727145683,Faible,Modérées,Sableux,2.5649493574615367,2.6026896854443837,4.418840607796598
Centre Pallotin de Génézareth,0.7021867007113446,3.4068764916131298,7.29817442888503,Juin,Sèche,Biomphalaria pfeifferi,2.21046980408624,5.974826905954958,6.584653261299096,3.8199077165203406,0.5687171021817683,1.299919145373145,0.9242589015233319,Forte,Modérées,Rocheux,2.4849066497880004,2.4069451083182885,4.624972813284271
Plage du Peuple,0.6987658661412391,3.407702941213177,7.283997528413398,Septembre,Pluvieuse,Lymnaea natalensis,2.186051276738094,6.083815808172168,6.67405621372841,4.3054155323020415,0.8907677746430692,1.1012754060875933,1.2383742310432684,Moyenne,Modérées,Sableux,1.6094379124341003,2.8678989020441064,4.2626798770413155
Plage du Peuple,0.6987658661412391,3.407702941213177,7.292881616094771,Novembre,Pluvieuse,Bellamya capillata,2.175887439948088,6.114787763139981,6.664791600218621,4.3489867805956814,1.528227857008557,1.5777408256908456,0.9516578757114464,Forte,Abondantes,Sableux,2.3978952727983707,1.840549633397487,4.127134385045092
Centre Pallotin de Génézareth,0.7021867007113446,3.4068764916131298,7.293629737325297,Juillet,Sèche,Melanoides tuberculata,2.162172939277301,6.040492778175336,6.609484004976088,4.079230924412053,0.1414995622736995,0.9928813340358676,1.0188473201992472,Moyenne,Modérées,Vaseux,2.0794415416798357,1.791759469228055,4.454347296253507
Centre Pallotin de Génézareth,0.7021867007113446,3.4068764916131298,7.296209858256895,Octobre,Pluvieuse,Biomphalaria pfeifferi,2.191653532286764,5.988460038087683,6.536256720437246,4.476199804691132,1.1161247137527408,0.6642331703953029,0.3001045924503381,Faible,Abondantes,Vaseux,1.3862943611198906,3.039749158970765,4.574710978503383
Hôtel Karibu,0.6995779587107422,3.4072093733692315,7.290292882446597,Octobre,Pluvieuse,Melanoides tuberculata,2.1587147225743437,5.810242385757328,6.381985207830324,4.197201947661808,1.0969442315674127,1.8298577578267134,1.1939224684724346,Moyenne,Modérées,Sableux,2.8903717578961645,1.791759469228055,4.875197323201151
Mawe Hai,0.712831173368352,3.4065718134956104,7.3026311855360335,Juillet,Sèche,Bulinus tropicus,2.1126345090356,5.874087678954409,6.414278293550759,4.540098189244376,1.187233480321638,1.990200407901893,0.636576829071551,Forte,Modérées,Sableux,3.6375861597263857,2.2082744135228043,4.804021044733257
Hôtel Karibu,0.6995779587107422,3.4072093733692315,7.293697720601438,Octobre,Pluvieuse,Bulinus tropicus,2.222459048514761,5.909712045235723,6.541895425466332,4.212127597878484,0.9688831819933257,0.9749369273068885,1.1249295969854831,Forte,Modérées,Rocheux,3.4965075614664802,2.2192034840549946,4.875197323201151
Mawe Hai,0.712831173368352,3.4065718134956104,7.297835985046554,Août,Sèche,Lymnaea natalensis,2.191653532286764,6.105908681498851,6.685985783221071,4.139955073474153,1.791759469228055,2.099979192897384,0.4054651081081644,Moyenne,Modérées,Sableux,1.791759469228055,2.0794415416798357,4.8283137373023015
Marché de Kituku,0.706056495634798,3.4067753292803804,7.3003377612592875,Juillet,Sèche,Melanoides tuberculata,2.1447610078004784,6.134265345739653,6.655826376236174,4.247065649239764,0.5601870533037149,0.6075892921982987,0.43178241642553783,Moyenne,Modérées,Rocheux,2.302585092994046,1.791759469228055,4.543294782270004
Port Bisengimana,0.6931471805599453,3.408528675268409,7.2947848249346166,Juillet,Sèche,Bulinus forskalii,2.2407096892759584,6.058422015232863,6.621538798691966,4.291828366755733,1.3001916620664788,2.0407007133634054,1.1052568313867783,Forte,Modérées,Vaseux,2.772588722239781,2.7013612129514133,4.68213122712422
Centre Pallotin de Génézareth,0.7021867007113446,3.4068764916131298,7.295938579855774,Juillet,Sèche,Melanoides tuberculata,2.131796772013764,6.333989855442272,6.999057437388923,4.223909766576744,1.503632853537124,1.7488519682167785,1.252762968495368,Moyenne,Modérées,Sableux,3.258096538021482,1.791759469228055,4.454347296253507
Le chalet,0.6966076860980273,3.407960195532211,7.292677485858972,Octobre,Pluvieuse,Ceratophallus natalensis,2.122261538862764,6.115892125483034,6.728389350013815,4.416428061391214,0.5872309549683962,1.173410498743296,0.4637340162321401,Forte,Abondantes,Rocheux,2.4849066497880004,1.791759469228055,5.236441962829949
Le chalet,0.6966076860980273,3.407960195532211,7.298039065094637,Juin,Sèche,Ceratophallus natalensis,2.128231705849268,5.806940566758827,6.391414474528037,4.660604892876192,1.3952541024913625,1.43746264769429,1.184789984909162,Forte,Abondantes,Sableux,2.70805020110221,1.791759469228055,4.663439094112067
Hôtel Karibu,0.6995779587107422,3.4072093733692315,7.293901642703902,Août,Sèche,Ceratophallus natalensis,2.1587147225743437,6.229496710915942,6.803061207867471,4.400603020246817,0.6302073807860711,2.0135687975291283,0.9516578757114464,Forte,Modérées,Rocheux,1.3862943611198906,1.791759469228055,4.859812404361672
Centre Pallotin de Génézareth,0.7021867007113446,3.4068764916131298,7.2955993783328985,Août,Sèche,Gyraulus costulatus,2.0541237336955462,6.01151224241176,6.611906617197295,4.220977213155467,0.647626665258136,1.6665741038049096,0.5709795465857378,Forte,Abondantes,Sableux,0.6931471805599453,1.791759469228055,4.418840607796598
Mawe Hai,0.712831173368352,3.4065718134956104,7.302294246956748,Octobre,Pluvieuse,Bellamya capillata,2.149433913499871,6.103005921840889,6.694562058521095,4.440295542797857,0.5486992761940722,1.2933563654606215,0.6575200029167941,Faible,Modérées,Sableux,1.9459101490553132,1.791759469228055,4.48863636973214
Port Bisengimana,0.6931471805599453,3.408528675268409,7.297497426625065,Septembre,Pluvieuse,Melanoides tuberculata,2.2407096892759584,6.280395838960195,6.8988154374126625,4.359269647551265,0.6402736909528771,1.3188181959949767,1.3837912309017721,Faible,Abondantes,Vaseux,1.9459101490553132,1.791759469228055,4.672828834461906
Port Bisengimana,0.6931471805599453,3.408528675268409,7.286944855678039,Octobre,Pluvieuse,Melanoides tuberculata,2.2407096892759584,6.205567353770043,6.840974245291786,4.2456340097683265,1.16813835131672,2.00269547743452,0.5247285289349821,Forte,Absentes,Vaseux,1.791759469228055,1.791759469228055,5.056245805348308
Mawe Hai,0.712831173368352,3.4065718134956104,7.2993242818981905,Octobre,Pluvieuse,Melanoides tuberculata,2.1972245773362196,6.268527940411622,6.867037445703578,4.3054155323020415,0.4081282255276481,0.6312717768418579,1.0885619528146082,Faible,Absentes,Sableux,2.70805020110221,1.791759469228055,4.48863636973214
Centre Pallotin de Génézareth,0.7021867007113446,3.4068764916131298,7.290497499983034,Septembre,Pluvieuse,Bellamya capillata,2.154085084675602,6.000919705878737,6.481117605641172,4.178992036282385,1.5177611238621962,0.521171915820135,1.332366019094335,Moyenne,Abondantes,Vaseux,2.6390573296152584,1.791759469228055,4.51085950651685
Plage du Peuple,0.6987658661412391,3.407702941213177,7.284820912568604,Juillet,Sèche,Ceratophallus natalensis,2.1587147225743437,6.068888444072786,6.675949317089274,4.403054001865957,1.014868295235149,0.7016112589720747,1.0715836162801904,Moyenne,Modérées,Sableux,1.791759469228055,1.791759469228055,4.2626798770413155
Port Bisengimana,0.6931471805599453,3.408528675268409,7.292609433186177,Août,Sèche,Lymnaea natalensis,2.191653532286764,6.247462435293139,6.852136855219125,4.32280727501391,0.211880359035499,1.2519054580812388,1.2383742310432684,Faible,Absentes,Rocheux,1.3862943611198906,2.451005098112319,4.248495242049359
Marché de Kituku,0.706056495634798,3.4067753292803804,7.296752194382994,Novembre,Pluvieuse,Bulinus forskalii,2.1471001901536506,6.197868774417894,6.807934943699926,4.350277936359301,0.7957037688850374,1.3711807233098425,0.7275486072772778,Faible,Absentes,Sableux,1.6094379124341003,3.2846635654062037,4.330733340286331
Hôtel Karibu,0.6995779587107422,3.4072093733692315,7.287287005063797,Août,Sèche,Bulinus forskalii,2.209372711271867,6.126432407518466,6.679850410566217,4.3294166844015844,1.3782621894226263,1.4511453334395068,1.1184149159642893,Faible,Absentes,Vaseux,2.1972245773362196,1.791759469228055,4.859812404361672
Centre Pallotin de Génézareth,0.7021867007113446,3.4068764916131298,7.2859177045622925,Novembre,Pluvieuse,Ceratophallus natalensis,2.1412419425852827,6.210399253648137,6.794250578185316,4.139955073474153,1.5392300173906037,1.7774914974303502,1.358409157630355,Faible,Modérées,Rocheux,1.9459101490553132,2.2823823856765264,4.736198448394496
Marché de Kituku,0.706056495634798,3.4067753292803804,7.2906338884175055,Septembre,Pluvieuse,Biomphalaria pfeifferi,2.145931282948669,6.185797016568072,6.816188085456647,4.45318382899021,0.6780335427498971,1.0137803531514122,1.3164082336557241,Moyenne,Modérées,Vaseux,2.8903717578961645,3.676300671907076,4.2626798770413155
Port Bisengimana,0.6931471805599453,3.408528675268409,7.296277666359989,Octobre,Pluvieuse,Bulinus tropicus,2.1471001901536506,6.16709711575114,6.789196942858002,4.3294166844015844,1.0134174426048779,0.9005677714089189,0.598836501088704,Moyenne,Modérées,Vaseux,2.995732273553991,3.407841924380824,5.056245805348308
Le chalet,0.6966076860980273,3.407960195532211,7.298783339292532,Novembre,Pluvieuse,Bulinus tropicus,2.1447610078004784,6.064947323867785,6.541895425466332,4.598145571051127,1.1454958745669601,1.7289971474917396,0.9477893989335261,Moyenne,Absentes,Rocheux,2.5649493574615367,2.4595888418037104,3.58351893845611
Marché de Kituku,0.706056495634798,3.4067753292803804,7.298106749280254,Juillet,Sèche,Biomphalaria pfeifferi,2.2126603854660587,6.070968648220581,6.645610990318195,4.0163830207523885,0.8162493776939287,0.9790777199729198,0.688134638736401,Forte,Abondantes,Vaseux,1.9459101490553132,2.9391619220655967,4.543294782270004
Port Bisengimana,0.6931471805599453,3.408528675268409,7.295192184570911,Juin,Sèche,Ceratophallus natalensis,2.1838015570040787,6.000176487710004,6.6537658474968255,4.378269585796169,0.6996261466576544,1.8430860963933957,0.7654678421395714,Moyenne,Absentes,Vaseux,0.6931471805599453,2.028148247292285,4.990432586778736
Mawe Hai,0.712831173368352,3.4065718134956104,7.299594643508488,Septembre,Pluvieuse,Bellamya capillata,2.1162555148025524,6.162261618049983,6.682233902881963,4.21803603456465,0.7134398838277077,1.5111633431657598,0.2546422183735807,Moyenne,Modérées,Rocheux,1.6094379124341003,1.791759469228055,4.718498871295094
Marché de Kituku,0.706056495634798,3.4067753292803804,7.293425759762122,Octobre,Pluvieuse,Ceratophallus natalensis,2.1983350716202463,5.96255053694334,6.556778356158042,4.160444363926624,1.4763635582087582,2.1972245773362196,1.2149127443642704,Faible,Modérées,Sableux,2.3978952727983707,2.917770732084279,4.663439094112067
Le chalet,0.6966076860980273,3.407960195532211,7.2975651474797285,Septembre,Pluvieuse,Bulinus forskalii,2.2407096892759584,6.239105570022579,6.784683281392143,4.447346100794524,1.7587196151498548,1.070898450100594,0.6830968447064438,Forte,Absentes,Rocheux,1.6094379124341003,2.468099531471619,4.499809670330265
Plage du Peuple,0.6987658661412391,3.407702941213177,7.284820912568604,Août,Sèche,Bellamya capillata,2.1564025828159643,5.986954391630096,6.527080339681191,3.960813169597578,1.2947271675944,1.0346069586921973,0.3506568716131694,Moyenne,Absentes,Vaseux,2.0794415416798357,1.791759469228055,4.700480365792417
Hôtel Karibu,0.6995779587107422,3.4072093733692315,7.290088223033255,Août,Sèche,Ceratophallus natalensis,2.211565694606877,6.174410908670779,6.692207804289556,3.7612001156935624,1.791759469228055,1.2627132993485362,1.3217558399823195,Moyenne,Abondantes,Vaseux,2.833213344056216,1.791759469228055,4.859812404361672
Port Bisengimana,0.6931471805599453,3.408528675268409,7.291315551702252,Juin,Sèche,Biomphalaria pfeifferi,2.2407096892759584,6.164997597868857,6.762613893312466,4.229749199228304,0.9309822806171448,1.6591800043289144,0.19062035960864973,Forte,Modérées,Vaseux,3.2188758248682006,2.89591193827178,4.990432586778736
Plage du Peuple,0.6987658661412391,3.407702941213177,7.281316838077293,Septembre,Pluvieuse,Ceratophallus natalensis,2.2364452904895007,6.253828811575473,6.868182503862314,4.060443010546419,0.33289441527332897,2.1972245773362196,0.6729444732424258,Faible,Absentes,Sableux,0.6931471805599453,2.5726122302071057,4.2626798770413155
Centre Pallotin de Génézareth,0.7021867007113446,3.4068764916131298,7.293833673290111,Octobre,Pluvieuse,Biomphalaria pfeifferi,2.2407096892759584,6.245719093447244,6.78694265876539,4.400603020246817,0.5429055172294023,1.3174800451195308,0.9858167945227653,Moyenne,Abondantes,Rocheux,3.2188758248682006,3.091042453358316,4.574710978503383
Centre Pallotin de Génézareth,0.7021867007113446,3.4068764916131298,7.294649001504866,Juillet,Sèche,Ceratophallus natalensis,2.2396452932201716,6.101663339406057,6.70196036600254,4.3267781604434035,1.111199404173581,1.0818051703517284,0.2546422183735807,Moyenne,Modérées,Rocheux,1.791759469228055,1.791759469228055,4.454347296253507
Port Bisengimana,0.6931471805599453,3.408528675268409,7.2969554946242665,Août,Sèche,Bulinus tropicus,2.1610215286722587,6.3080984415095305,6.885202874511625,4.136765278106052,0.8131499729546416,1.1768071362531665,1.3862943611198906,Faible,Absentes,Vaseux,2.3978952727983707,2.8449093838194073,4.248495242049359
Plage du Peuple,0.6987658661412391,3.407702941213177,7.285986214136533,Août,Sèche,Melanoides tuberculata,2.2407096892759584,6.131443857161423,6.655440350367647,4.11251186617755,1.791759469228055,0.5492768101402434,0.8109302162163288,Moyenne,Absentes,Rocheux,2.5649493574615367,1.791759469228055,4.700480365792417
Port Bisengimana,0.6931471805599453,3.408528675268409,7.29505641646263,Juillet,Sèche,Melanoides tuberculata,2.2407096892759584,5.9581662617064675,6.524296251136588,4.509760001183433,1.2652560327428346,1.6195862434859156,0.4382549309311553,Moyenne,Abondantes,Vaseux,2.1972245773362196,1.791759469228055,4.68213122712422
Port Bisengimana,0.6931471805599453,3.408528675268409,7.291383692481127,Juin,Sèche,Bellamya capillata,2.0980179272527715,6.339123973119759,6.9161201953137645,4.122283930911342,1.3529960757183759,0.9809542451998773,1.2499017362143359,Forte,Modérées,Vaseux,2.8903717578961645,1.791759469228055,4.990432586778736
Port Bisengimana,0.6931471805599453,3.408528675268409,7.293153724939987,Août,Sèche,Melanoides tuberculata,2.180417459019838,6.127087500892697,6.696046105293591,4.3425058765115985,0.915490411703386,1.8625285401162623,0.2851789422336624,Faible,Abondantes,Vaseux,2.0794415416798357,1.791759469228055,4.248495242049359
Centre Pallotin de Génézareth,0.7021867007113446,3.4068764916131298,7.2906338884175055,Octobre,Pluvieuse,Melanoides tuberculata,2.124653884501384,6.073735539540777,6.666956792429207,4.3267781604434035,1.791759469228055,1.282876401921402,0.9242589015233319,Faible,Absentes,Rocheux,1.791759469228055,1.791759469228055,4.574710978503383
Le chalet,0.6966076860980273,3.407960195532211,7.292337176173877,Juillet,Sèche,Bulinus tropicus,2.0831845279586703,6.32704352775198,6.851819646651834,4.478472532942134,1.007592890280941,1.8038527169154384,1.1662709371419244,Moyenne,Absentes,Vaseux,2.772588722239781,2.1162555148025524,4.653960350157523
Centre Pallotin de Génézareth,0.7021867007113446,3.4068764916131298,7.29614204555555,Août,Sèche,Bellamya capillata,2.149433913499871,5.9730459615839635,6.576748081791982,4.405498990859024,0.42461392694692524,1.0828216027617856,1.085189268335969,Moyenne,Absentes,Vaseux,1.3862943611198906,1.791759469228055,4.418840607796598
Port Bisengimana,0.6931471805599453,3.408528675268409,7.298377440220527,Novembre,Pluvieuse,Bellamya capillata,2.2407096892759584,6.004380772374528,6.542183734535649,3.4339872044851463,1.1174340429086975,0.7405077519197829,0.9783261227936076,Forte,Modérées,Rocheux,2.1972245773362196,1.791759469228055,4.990432586778736
Le chalet,0.6966076860980273,3.407960195532211,7.293221740583611,Juin,Sèche,Melanoides tuberculata,2.189416394888408,6.351409139914337,6.92569342411315,3.975936331171799,1.791759469228055,1.0395697480343264,1.2584609896100056,Faible,Modérées,Sableux,1.3862943611198906,1.791759469228055,4.663439094112067
Marché de Kituku,0.706056495634798,3.4067753292803804,7.300135147541646,Août,Sèche,Biomphalaria pfeifferi,2.1162555148025524,6.312641838693557,6.9258898491776195,4.063885354737392,1.0577902941478545,1.7691729705552592,1.3217558399823195,Forte,Modérées,Vaseux,3.295836866004329,3.242592351485517,4.663439094112067
Centre Pallotin de Génézareth,0.7021867007113446,3.4068764916131298,7.2955993783328985,Juin,Sèche,Biomphalaria pfeifferi,2.169053700369523,6.241250029368613,6.839904612073963,4.483002552013883,1.4847813078345447,1.4170660197866443,0.7747271675523681,Moyenne,Modérées,Vaseux,2.5649493574615367,2.667228206581955,4.624972813284271
Centre Pallotin de Génézareth,0.7021867007113446,3.4068764916131298,7.29206484501751,Juin,Sèche,Melanoides tuberculata,2.1815467646169897,6.272122004622799,6.868702551718436,4.258445572902527,0.8197798314933114,1.1144856378244,1.247032293786383,Moyenne,Abondantes,Rocheux,2.4849066497880004,1.791759469228055,4.624972813284271
Hôtel Karibu,0.6995779587107422,3.4072093733692315,7.284477918224647,Novembre,Pluvieuse,Ceratophallus natalensis,2.1102132003465894,6.130356545974601,6.699500340161678,4.110873864173311,1.018486244188825,0.8432898389896648,0.9202827531436926,Faible,Absentes,Sableux,1.3862943611198906,1.791759469228055,4.844187086458591
Centre Pallotin de Génézareth,0.7021867007113446,3.4068764916131298,7.298377440220527,Juin,Sèche,Bulinus tropicus,2.2192034840549946,6.244943298218264,6.889693136163729,4.222444564849416,1.6601310267496185,1.7116334247487701,1.1118575154181303,Moyenne,Modérées,Rocheux,2.9444389791664403,2.5726122302071057,4.624972813284271
Mawe Hai,0.712831173368352,3.4065718134956104,7.2991214627108,Août,Sèche,Bulinus forskalii,2.130609828254235,6.429719478039138,7.003519900966516,4.104294893075269,1.3977287387455535,1.3252165116113002,0.3001045924503381,Faible,Absentes,Sableux,0.6931471805599453,2.2082744135228043,4.8283137373023015
Hôtel Karibu,0.6995779587107422,3.4072093733692315,7.29335775799405,Juin,Sèche,Lymnaea natalensis,2.127040520479115,6.132529987386585,6.707717716382403,4.272490747605575,1.4920048155420047,1.3318381753238318,0.7178397931503169,Moyenne,Absentes,Vaseux,1.791759469228055,1.791759469228055,4.6913478822291435
Port Bisengimana,0.6931471805599453,3.408528675268409,7.2909747781429814,Septembre,Pluvieuse,Melanoides tuberculata,2.2071749081893874,6.119637860830965,6.687233288372879,4.472780997942346,0.5933268452777344,1.3321021320364639,0.7419373447293773,Faible,Modérées,Vaseux,0.6931471805599453,1.791759469228055,4.672828834461906
Plage du Peuple,0.6987658661412391,3.407702941213177,7.281660918182536,Juin,Sèche,Ceratophallus natalensis,2.0918640616783932,6.431653091274532,6.966872883465226,4.2626798770413155,1.791759469228055,0.7124594915923181,0.5596157879354227,Forte,Modérées,Sableux,2.8903717578961645,2.0412203288596382,4.23410650459726
Le chalet,0.6966076860980273,3.407960195532211,7.292201019866226,Juillet,Sèche,Bulinus tropicus,2.157559320943788,5.959457750972896,6.589751446643967,3.975936331171799,0.7575294394892135,1.8125420084105837,1.3137236682850553,Forte,Absentes,Sableux,3.258096538021482,1.9740810260220096,4.653960350157523
Le chalet,0.6966076860980273,3.407960195532211,7.285506548522785,Juin,Sèche,Ceratophallus natalensis,2.0681277817795625,6.337887114582363,6.945917740076486,4.539030383483547,1.341296995189155,1.215506040139609,1.366091653802371,Forte,Modérées,Sableux,1.0986122886681098,1.791759469228055,4.663439094112067
Port Bisengimana,0.6931471805599453,3.408528675268409,7.304246912291193,Novembre,Pluvieuse,Biomphalaria pfeifferi,2.149433913499871,5.891367930569697,6.483260244967167,4.398146016553765,1.6806416714404324,1.2748039850865274,0.6097655716208943,Forte,Modérées,Vaseux,3.6888794541139363,3.391147045808654,4.990432586778736
Marché de Kituku,0.706056495634798,3.4067753292803804,7.296345469865456,Septembre,Pluvieuse,Gyraulus costulatus,2.21375387928743,5.874649792516147,6.478970365552356,4.200204952921578,1.3820353041995073,1.2444427368796493,1.128171090909654,Moyenne,Modérées,Vaseux,0.6931471805599453,2.2925347571405443,4.2626798770413155
Marché de Kituku,0.706056495634798,3.4067753292803804,7.297632863748587,Septembre,Pluvieuse,Melanoides tuberculata,2.2407096892759584,6.455512979315044,7.104061920342755,4.3134800921387715,1.2202397767898079,2.1972245773362196,1.0438040521731147,Forte,Modérées,Vaseux,1.9459101490553132,2.028148247292285,4.2626798770413155
Marché de Kituku,0.706056495634798,3.4067753292803804,7.294377299288821,Octobre,Pluvieuse,Bulinus forskalii,2.2364452904895007,6.144400203378695,6.7804899279362605,4.320151230955794,1.085864715845607,1.2325602611778486,1.205970806988609,Forte,Modérées,Vaseux,2.8903717578961645,3.353406717825807,4.663439094112067
Hôtel Karibu,0.6995779587107422,3.4072093733692315,7.2941734741700675,Novembre,Pluvieuse,Gyraulus costulatus,2.1471001901536506,6.094923255476212,6.689350482015101,4.30406509320417,0.5001690435774618,1.447154249376653,0.8285518175661483,Faible,Modérées,Vaseux,1.9459101490553132,1.791759469228055,4.844187086458591
Hôtel Karibu,0.6995779587107422,3.4072093733692315,7.291179256213421,Août,Sèche,Biomphalaria pfeifferi,2.188295946591918,6.312641838693557,6.932642994489916,4.335982696172475,1.434369984351454,0.9230677161531787,0.9360933591703349,Faible,Abondantes,Sableux,3.258096538021482,2.0014800002101243,4.859812404361672
Hôtel Karibu,0.6995779587107422,3.4072093733692315,7.295124302820892,Novembre,Pluvieuse,Bulinus tropicus,2.1770218700187,6.180430646620605,6.8001700683022,4.37197629882038,1.6695918352538475,2.1972245773362196,1.128171090909654,Moyenne,Absentes,Vaseux,3.332204510175204,2.501435951739211,4.844187086458591
Le chalet,0.6966076860980273,3.407960195532211,7.295260061713309,Juillet,Sèche,Biomphalaria pfeifferi,2.163323025660538,6.215607598755275,6.784343934066902,4.283586561860629,0.6891391591624065,1.7905921214760483,0.8796267475025635,Moyenne,Absentes,Sableux,3.7376696182833684,2.174751721484161,4.653960350157523
Mawe Hai,0.712831173368352,3.4065718134956104,7.302833294203815,Septembre,Pluvieuse,Biomphalaria pfeifferi,2.192770226986839,5.828651456702071,6.4129670329137705,4.415219602029645,1.707290312601605,1.4372250897884336,1.0043016091968684,Moyenne,Abondantes,Sableux,2.8903717578961645,2.8791984572980396,4.718498871295094
Le chalet,0.6966076860980273,3.407960195532211,7.291519960110962,Novembre,Pluvieuse,Ceratophallus natalensis,2.1077860146889784,6.222576268071369,6.838190815596228,3.996364153861897,0.8254903675476585,1.5107219394949425,0.5933268452777344,Moyenne,Modérées,Rocheux,1.3862943611198906,1.791759469228055,3.58351893845611
Hôtel Karibu,0.6995779587107422,3.4072093733692315,7.2858491902941696,Octobre,Pluvieuse,Melanoides tuberculata,2.203869120054888,6.075346031088684,6.596190266067024,4.074141854904581,1.612433421413899,0.7820733897543468,0.8153648132841945,Forte,Abondantes,Vaseux,3.258096538021482,1.791759469228055,4.875197323201151
Le chalet,0.6966076860980273,3.407960195532211,7.295802913053232,Juillet,Sèche,Ceratophallus natalensis,2.1610215286722587,6.332924325240234,6.951102083485503,4.42484663185681,1.1878434223960523,1.1236300516433975,0.7178397931503169,Moyenne,Modérées,Sableux,2.0794415416798357,1.791759469228055,4.653960350157523
Plage du Peuple,0.6987658661412391,3.407702941213177,7.2911111015022,Octobre,Pluvieuse,Melanoides tuberculata,2.167910189667444,6.277958413922954,6.8509732648831525,4.37449836825309,1.791759469228055,0.8964961045459755,0.5247285289349821,Faible,Modérées,Rocheux,2.4849066497880004,1.791759469228055,4.8283137373023015
Marché de Kituku,0.706056495634798,3.4067753292803804,7.2870132949211275,Août,Sèche,Melanoides tuberculata,2.1412419425852827,6.184561177069895,6.818158745170381,4.505349850705881,1.4095224872390977,1.2521913765964103,0.7839015438284094,Moyenne,Abondantes,Vaseux,1.791759469228055,1.791759469228055,4.663439094112067
Mawe Hai,0.712831173368352,3.4065718134956104,7.304314177619305,Septembre,Pluvieuse,Bulinus tropicus,2.122261538862764,6.000919705878737,6.501439809419134,4.351567427189173,0.7328485474114974,0.6004834956965259,0.5596157879354227,Moyenne,Absentes,Sableux,2.5649493574615367,2.624668592163159,4.718498871295094
Marché de Kituku,0.706056495634798,3.4067753292803804,7.301350214519814,Juillet,Sèche,Bulinus tropicus,2.1102132003465894,6.166047907806814,6.813114874828016,3.730501128804756,0.6124792774924905,1.8783957758876018,0.8197798314933114,Moyenne,Modérées,Vaseux,2.8903717578961645,3.0301337002713233,4.543294782270004
Port Bisengimana,0.6931471805599453,3.408528675268409,7.2993242818981905,Octobre,Pluvieuse,Biomphalaria pfeifferi,2.1186622548331173,6.154645757249509,6.743470084674281,4.220977213155467,0.598836501088704,1.0213712083246624,0.8020015854720274,Forte,Modérées,Vaseux,3.5263605246161616,3.502549875922443,5.056245805348308
Plage du Peuple,0.6987658661412391,3.407702941213177,7.291451828617153,Juillet,Sèche,Bulinus forskalii,2.1972245773362196,6.316081067352825,6.887246402350597,4.476199804691132,1.2837077723447896,0.3133498192003587,0.3435897043900769,Forte,Modérées,Sableux,2.8903717578961645,2.4849066497880004,4.2626798770413155
Hôtel Karibu,0.6995779587107422,3.4072093733692315,7.286671051856765,Septembre,Pluvieuse,Bulinus tropicus,2.1713368063840917,5.9979435132056915,6.504288173536645,4.1666652238017265,1.1703126028333009,1.5045217424845405,0.3920420877760237,Forte,Abondantes,Rocheux,1.0986122886681098,2.388762789235098,3.7376696182833684
Port Bisengimana,0.6931471805599453,3.408528675268409,7.295395802177749,Juin,Sèche,Bellamya capillata,2.1424163408412245,5.743323649276734,6.271366432240801,4.341204640153626,1.1590800354351993,1.293081979397712,0.9242589015233319,Forte,Modérées,Sableux,3.4657359027997265,1.791759469228055,4.990432586778736
Plage du Peuple,0.6987658661412391,3.407702941213177,7.2949206299188685,Novembre,Pluvieuse,Ceratophallus natalensis,2.096790180014449,5.963579343618446,6.577444024474397,4.312140507209715,1.2375042875347284,1.6413241012964221,0.2151113796169455,Moyenne,Modérées,Sableux,2.302585092994046,2.302585092994046,4.127134385045092
Le chalet,0.6966076860980273,3.407960195532211,7.291928651622679,Août,Sèche,Ceratophallus natalensis,2.166765369851511,6.132312855695361,6.68910163294078,3.8133070324889884,0.3886579897917832,1.2272986296294326,0.9439058989071284,Forte,Absentes,Sableux,2.833213344056216,1.791759469228055,3.7376696182833684
Hôtel Karibu,0.6995779587107422,3.4072093733692315,7.296481063086003,Août,Sèche,Bellamya capillata,2.154085084675602,5.789042318607025,6.36492285908106,4.249922794040544,0.4922542381805553,1.1167795926235586,1.3402504226184837,Forte,Modérées,Rocheux,1.0986122886681098,1.791759469228055,4.859812404361672
Hôtel Karibu,0.6995779587107422,3.4072093733692315,7.289473993360301,Juin,Sèche,Bulinus tropicus,2.2407096892759584,6.406549898593137,6.971949991024133,4.393213824064446,0.9415685390584236,1.5269254908596361,0.9745596399981308,Moyenne,Modérées,Sableux,3.332204510175204,1.8718021769015913,4.6913478822291435
Le chalet,0.6966076860980273,3.407960195532211,7.303506694902662,Octobre,Pluvieuse,Bulinus forskalii,2.135349173618132,6.23342985266278,6.8516081183591355,4.328098292648326,0.9190868191761563,1.2011688769932016,1.128171090909654,Moyenne,Abondantes,Rocheux,1.3862943611198906,2.451005098112319,5.236441962829949
Centre Pallotin de Génézareth,0.7021867007113446,3.4068764916131298,7.288244401020124,Août,Sèche,Melanoides tuberculata,2.1471001901536506,6.290828124333601,6.840974245291786,3.92395157629342,0.44532664153329504,1.5681991644175028,0.8586616190375187,Faible,Absentes,Sableux,1.6094379124341003,1.791759469228055,4.418840607796598
